PRAGMA foreign_keys=OFF;
BEGIN TRANSACTION;
CREATE TABLE "ordering" (
"process_id"  INTEGER(11) NOT NULL,
"runcard_id"  INTEGER(11) NOT NULL,
"ordering"  INTEGER(8)
);
CREATE TABLE "parameter_types" (
"id"  INTEGER(11) NOT NULL,
"name"  TEXT(255),
PRIMARY KEY ("id")
);
INSERT INTO "parameter_types" VALUES(1,'string');
INSERT INTO "parameter_types" VALUES(2,'scalar');
INSERT INTO "parameter_types" VALUES(3,'integer');
INSERT INTO "parameter_types" VALUES(4,'float');
INSERT INTO "parameter_types" VALUES(5,'equation');
CREATE TABLE "_runcard_old_20120816" (
"id"  INTEGER(11) NOT NULL,
"username"  TEXT(255) NOT NULL,
"name"  TEXT(255),
"public"  INTEGER(1) NOT NULL,
PRIMARY KEY ("id")
);
CREATE TABLE "processes" (
"id"  INTEGER PRIMARY KEY AUTOINCREMENT NOT NULL,
"category"  TEXT(255) NOT NULL,
"process"  TEXT(255) NOT NULL,
"tool"  TEXT(255) NOT NULL,
"material"  TEXT(255) NOT NULL
);
INSERT INTO "processes" VALUES(2,'Deposition','ALD','Cambridge Fiji F200','HfO');
INSERT INTO "processes" VALUES(3,'Deposition','ALD','Cambridge Fiji F200','ZnO');
INSERT INTO "processes" VALUES(4,'Deposition','ALD','Cambridge Fiji F200','Pt');
INSERT INTO "processes" VALUES(5,'Deposition','ALD','Cambridge Fiji F200','SiO2');
INSERT INTO "processes" VALUES(6,'Deposition','Sputter','Denton Discovery 18','Al');
INSERT INTO "processes" VALUES(7,'Deposition','Sputter','Denton Discovery 18','Cr');
INSERT INTO "processes" VALUES(8,'Deposition','Sputter','Denton Discovery 18','Ti');
INSERT INTO "processes" VALUES(9,'Deposition','Sputter','Denton Discovery 18','Au');
INSERT INTO "processes" VALUES(10,'Deposition','Sputter','Denton Discovery 18','W');
INSERT INTO "processes" VALUES(11,'Deposition','Sputter','Denton Discovery 18','ITO');
INSERT INTO "processes" VALUES(12,'Deposition','Sputter','Denton Discovery 18','Ag');
INSERT INTO "processes" VALUES(13,'Deposition','Sputter','Denton Discovery 18','C');
INSERT INTO "processes" VALUES(14,'Deposition','Sputter','TMV Super','Cr');
INSERT INTO "processes" VALUES(15,'Deposition','Sputter','TMV Super','Ti');
INSERT INTO "processes" VALUES(16,'Deposition','Sputter','TMV Super','TiW');
INSERT INTO "processes" VALUES(17,'Deposition','Sputter','TMV Super','Ir');
INSERT INTO "processes" VALUES(18,'Deposition','Sputter','TMV Super','IrO');
INSERT INTO "processes" VALUES(19,'Deposition','Sputter','TMV Super','Pt');
INSERT INTO "processes" VALUES(20,'Deposition','Sputter','TMV Super','Au');
INSERT INTO "processes" VALUES(21,'Deposition','Evaporation','Denton SJ20C','Al');
INSERT INTO "processes" VALUES(22,'Deposition','Evaporation','Denton SJ20C','Cr');
INSERT INTO "processes" VALUES(23,'Deposition','Evaporation','Denton SJ20C','Ti');
INSERT INTO "processes" VALUES(24,'Deposition','Evaporation','Denton SJ20C','Au');
INSERT INTO "processes" VALUES(25,'Deposition','Evaporation','CHA SEL600','Al');
INSERT INTO "processes" VALUES(26,'Deposition','Evaporation','CHA SEL600','Cr');
INSERT INTO "processes" VALUES(27,'Deposition','Evaporation','CHA SEL600','Ti');
INSERT INTO "processes" VALUES(28,'Deposition','Evaporation','CHA SEL600','Au');
INSERT INTO "processes" VALUES(29,'Deposition','PECVD','Oxford Plasmalab 80 Plus','SiO2');
INSERT INTO "processes" VALUES(30,'Deposition','Parylene','SCS PDS-2010','Parylene');
INSERT INTO "processes" VALUES(31,'Etching','RIE','Oxford Plasmalab 80','SiO2');
INSERT INTO "processes" VALUES(32,'Etching','RIE','Oxford Plasmalab 80','SiN');
INSERT INTO "processes" VALUES(33,'Etching','RIE','Oxford Plasmalab 80','Si');
INSERT INTO "processes" VALUES(34,'Etching','RIE','Oxford Plasmalab 80','PR S1813');
INSERT INTO "processes" VALUES(35,'Etching','RIE','Oxford Plasmalab 80','Parylene');
INSERT INTO "processes" VALUES(36,'Etching','RIE','Oxford Plasmalab 80','Al');
INSERT INTO "processes" VALUES(37,'Etching','RIE','Oxford Plasmalab 80','Descum');
INSERT INTO "processes" VALUES(38,'Etching','RIE','Oxford Plasmalab 80','W');
INSERT INTO "processes" VALUES(39,'Etching','RIE','Oxford Plasmalab 80','Au');
INSERT INTO "processes" VALUES(40,'Etching','RIE','Oxford Plasmalab 80','Ti');
INSERT INTO "processes" VALUES(41,'Etching','RIE','Oxford 100 ICP','SiO2');
INSERT INTO "processes" VALUES(42,'Etching','RIE','Oxford 100 ICP','SiN');
INSERT INTO "processes" VALUES(43,'Etching','RIE','Oxford 100 ICP','Si');
INSERT INTO "processes" VALUES(44,'Etching','RIE','Oxford 100 ICP','PR S1813');
INSERT INTO "processes" VALUES(45,'Etching','DRIE','Oxford 100 ICP','N/A');
INSERT INTO "processes" VALUES(46,'Etching','Wet Etch','Etch Solution','Al');
INSERT INTO "processes" VALUES(47,'Etching','Wet Etch','Etch Solution','Au');
INSERT INTO "processes" VALUES(48,'Etching','Wet Etch','Etch Solution','Cr');
INSERT INTO "processes" VALUES(49,'Etching','Wet Etch','Etch Solution','SiO2');
INSERT INTO "processes" VALUES(50,'Etching','Wet Etch','Etch Solution','Ti');
INSERT INTO "processes" VALUES(51,'Lithography','Align/Expose','All Aligners','S1813');
INSERT INTO "processes" VALUES(52,'Lithography','Align/Expose','All Aligners','AZ9260');
INSERT INTO "processes" VALUES(53,'Lithography','Align/Expose','All Aligners','nLOF 2020');
INSERT INTO "processes" VALUES(54,'Lithography','Align/Expose','All Aligners','SU-8');
INSERT INTO "processes" VALUES(55,'Lithography','Spin','All Spinners','S1813');
INSERT INTO "processes" VALUES(56,'Lithography','Spin','All Spinners','LOR10B');
INSERT INTO "processes" VALUES(57,'Lithography','Spin','All Spinners','AZ9260');
INSERT INTO "processes" VALUES(58,'Lithography','Spin','All Spinners','SU-8');
INSERT INTO "processes" VALUES(59,'Lithography','Spin','All Spinners','nLOF 2020');
INSERT INTO "processes" VALUES(60,'Lithography','Vapor Prime','YES LP-III','HMDS');
INSERT INTO "processes" VALUES(61,'Furnaces','LPCVD','Canary 4','Poly-Si');
INSERT INTO "processes" VALUES(62,'Furnaces','LPCVD','Canary 4','Amorphous Si');
INSERT INTO "processes" VALUES(63,'Furnaces','LPCVD','Canary 3 SiN','0/Low-Stress Nitride');
INSERT INTO "processes" VALUES(64,'Furnaces','LPCVD','Canary 3 SiN','1/Stoichiometric Nitride');
INSERT INTO "processes" VALUES(65,'Furnaces','Oxidation','Canary1','2');
INSERT INTO "processes" VALUES(66,'Furnaces','Oxidation','Canary1','4');
INSERT INTO "processes" VALUES(67,'Furnaces','Diffusion','Canary 2','Boron');
INSERT INTO "processes" VALUES(68,'Furnaces','Diffusion','Canary 2','Phos');
INSERT INTO "processes" VALUES(69,'Packaging','Dicing','Disco DAD641','Silicon');
INSERT INTO "processes" VALUES(70,'Packaging','Dicing','Disco DAD641','Glass');
INSERT INTO "processes" VALUES(71,'Packaging','Wirebonding','MEI Wedge','Au');
INSERT INTO "processes" VALUES(72,'Packaging','Wirebonding','MEI Wedge','Cu');
INSERT INTO "processes" VALUES(73,'Packaging','Wirebonding','MEI Wedge','Al');
INSERT INTO "processes" VALUES(74,'Packaging','Wafer Bonding','EVG 520 IS','Si-Metal-Si');
INSERT INTO "processes" VALUES(75,'Packaging','Wafer Bonding','EVG 520 IS','Si-Glass');
INSERT INTO "processes" VALUES(76,'Packaging','Wafer Bonding','EVG 520 IS','Polymer-Si-Polymer');
INSERT INTO "processes" VALUES(77,'Packaging','Wafer Bonding','EVG 520 IS','Si-Si');
INSERT INTO "processes" VALUES(78,'Cleaning','Chemical','Wet Bench','RCA');
INSERT INTO "processes" VALUES(79,'Cleaning','Chemical','Wet Bench','Piranha');
INSERT INTO "processes" VALUES(80,'Cleaning','Solvent','Solvent Hood','Acetone');
INSERT INTO "processes" VALUES(81,'Cleaning','Solvent','Solvent Hood','IPA');
INSERT INTO "processes" VALUES(82,'Cleaning','Solvent','Solvent Hood','Methanol');
INSERT INTO "processes" VALUES(83,'Cleaning','Solvent','Spin Rinse Dryer','diH2O');
INSERT INTO "processes" VALUES(84,'Cleaning','Plasma','Oxford Plasmalab 80','Oxygen Plasma');
INSERT INTO "processes" VALUES(86,'Deposition','ALD','Cambridge Fiji F200','Al2O3 Expo');
INSERT INTO "processes" VALUES(87,'Deposition','ALD','Cambridge Fiji F200','HfO Expo');
INSERT INTO "processes" VALUES(88,'Deposition','ALD','Cambridge Fiji F200','ZnO Expo');
INSERT INTO "processes" VALUES(89,'Lithography','Spin','All Spinners','SU-8 50');
INSERT INTO "processes" VALUES(121,'ParamTestCat','ParamTestProc','ParamTestTool','ParamTestMat');
INSERT INTO "processes" VALUES(122,'Lithography','Photoresist','Multiple','SU-8 2025');
INSERT INTO "processes" VALUES(198,'temp_cat','temp_tool','temp_proc','temp_mat');
INSERT INTO "processes" VALUES(201,'temp_cat','temp_tool','temp_proc','temp_mat');
INSERT INTO "processes" VALUES(204,'temp_cat','temp_tool','temp_proc','temp_mat');
INSERT INTO "processes" VALUES(207,'temp_cat','temp_tool','temp_proc','temp_mat');
INSERT INTO "processes" VALUES(210,'temp_cat','temp_tool','temp_proc','temp_mat');
INSERT INTO "processes" VALUES(213,'temp_cat','temp_tool','temp_proc','temp_mat');
INSERT INTO "processes" VALUES(216,'temp_cat','temp_tool','temp_proc','temp_mat');
INSERT INTO "processes" VALUES(219,'temp_cat','temp_tool','temp_proc','temp_mat');
INSERT INTO "processes" VALUES(222,'temp_cat','temp_tool','temp_proc','temp_mat');
INSERT INTO "processes" VALUES(225,'temp_cat','temp_tool','temp_proc','temp_mat');
INSERT INTO "processes" VALUES(228,'temp_cat','temp_tool','temp_proc','temp_mat');
INSERT INTO "processes" VALUES(231,'temp_cat','temp_tool','temp_proc','temp_mat');
INSERT INTO "processes" VALUES(234,'temp_cat','temp_tool','temp_proc','temp_mat');
INSERT INTO "processes" VALUES(237,'temp_cat','temp_tool','temp_proc','temp_mat');
INSERT INTO "processes" VALUES(240,'temp_cat','temp_tool','temp_proc','temp_mat');
INSERT INTO "processes" VALUES(243,'temp_cat','temp_tool','temp_proc','temp_mat');
CREATE TABLE "parameter" (
"id"  INTEGER PRIMARY KEY AUTOINCREMENT NOT NULL,
"name"  TEXT(255),
"value"  TEXT(255),
"type"  TEXT(255),
"unit"  TEXT(255),
"active"  INTEGER,
"updated_at"  TEXT,
"is_input_field"  INTEGER NOT NULL,
"is_process_parameter"  INTEGER,
"is_measured_result"  INTEGER
);
INSERT INTO "parameter" VALUES(1,'Head number',NULL,'string',NULL,1,NULL,0,1,0);
INSERT INTO "parameter" VALUES(2,'Base Pressure',NULL,'float','Torr',1,NULL,0,1,0);
INSERT INTO "parameter" VALUES(3,'Pump Down Time',NULL,'float','hour(s)',1,NULL,0,1,0);
INSERT INTO "parameter" VALUES(4,'Pre-Sputter Time',NULL,'float','minutes',1,NULL,0,1,0);
INSERT INTO "parameter" VALUES(5,'Power',NULL,'integer','Watts',1,NULL,0,1,0);
INSERT INTO "parameter" VALUES(6,'Ar Pressure',NULL,'float','mTorr',1,NULL,0,1,0);
INSERT INTO "parameter" VALUES(7,'Ar Flow',NULL,'float','sccm',1,NULL,0,1,0);
INSERT INTO "parameter" VALUES(8,'Film Resistivity',NULL,'float','uOhm-cm',1,NULL,0,0,1);
INSERT INTO "parameter" VALUES(9,'Literature Bulk Resistivity',NULL,'float','uOhm-cm',1,NULL,0,0,1);
INSERT INTO "parameter" VALUES(10,'Sputter Rate',NULL,'float','nm/min',1,NULL,0,0,1);
INSERT INTO "parameter" VALUES(11,'Shutter Number',NULL,'string',NULL,1,NULL,0,1,0);
INSERT INTO "parameter" VALUES(12,'Uniformity',NULL,'float','+/-%',1,NULL,0,0,1);
INSERT INTO "parameter" VALUES(13,'Recipe',NULL,'string',NULL,1,NULL,0,1,0);
INSERT INTO "parameter" VALUES(14,'Pulses per Loop- Precursor 1',NULL,'integer',NULL,1,NULL,0,1,0);
INSERT INTO "parameter" VALUES(15,'Pulses per Loop- Precursor 2',NULL,'integer',NULL,1,NULL,0,1,0);
INSERT INTO "parameter" VALUES(16,'Film Thickness',NULL,'float','nm',1,NULL,0,0,1);
INSERT INTO "parameter" VALUES(17,'Cauchy Optical Property A',NULL,'float',NULL,1,NULL,0,0,1);
INSERT INTO "parameter" VALUES(18,'Cauchy Optical Property B',NULL,'float',NULL,1,NULL,0,0,1);
INSERT INTO "parameter" VALUES(19,'Cauchy Optical Property C',NULL,'float',NULL,1,NULL,0,0,1);
INSERT INTO "parameter" VALUES(20,'Beam Current',NULL,'integer','mAmps',1,NULL,0,1,0);
INSERT INTO "parameter" VALUES(21,'Crystal Thickness',NULL,'float','nm',1,NULL,0,1,0);
INSERT INTO "parameter" VALUES(22,'Beam Voltage',NULL,'float','kVolts',1,NULL,0,1,0);
INSERT INTO "parameter" VALUES(23,'Deposition Rate',NULL,'float','Angstrom/sec',1,NULL,0,0,1);
INSERT INTO "parameter" VALUES(24,'Deposition Rate',NULL,'float','nm/min',1,NULL,0,0,1);
INSERT INTO "parameter" VALUES(25,'N2',NULL,'integer','sccm',1,NULL,0,1,0);
INSERT INTO "parameter" VALUES(26,'N2O',NULL,'integer','sccm',1,NULL,0,1,0);
INSERT INTO "parameter" VALUES(27,'He',NULL,'integer','sccm',1,NULL,0,1,0);
INSERT INTO "parameter" VALUES(28,'NH3',NULL,'integer','sccm',1,NULL,0,1,0);
INSERT INTO "parameter" VALUES(29,'SiH4',NULL,'integer','sccm',1,NULL,0,1,0);
INSERT INTO "parameter" VALUES(30,'HF Forward Power',NULL,'integer','Watts',1,NULL,0,1,0);
INSERT INTO "parameter" VALUES(31,'LF Power',NULL,'integer','Watts',1,NULL,0,1,0);
INSERT INTO "parameter" VALUES(32,'RF Mode',NULL,'string',NULL,1,NULL,0,1,0);
INSERT INTO "parameter" VALUES(33,'RF First Pulse',NULL,'string',NULL,1,NULL,0,1,0);
INSERT INTO "parameter" VALUES(34,'HF Pulse Time',NULL,'float','seconds',1,NULL,0,1,0);
INSERT INTO "parameter" VALUES(35,'LF Pulse Time',NULL,'float','seconds',1,NULL,0,1,0);
INSERT INTO "parameter" VALUES(36,'Pressure',NULL,'float','Torr',1,NULL,0,1,0);
INSERT INTO "parameter" VALUES(37,'Temperature',NULL,'integer','C',1,NULL,0,1,0);
INSERT INTO "parameter" VALUES(38,'Step Time',NULL,'float','minutes',1,NULL,0,1,0);
INSERT INTO "parameter" VALUES(39,'Furnace Temp.',NULL,'integer','C',1,NULL,0,1,0);
INSERT INTO "parameter" VALUES(40,'Chamber Temp.',NULL,'integer','C',1,NULL,0,1,0);
INSERT INTO "parameter" VALUES(41,'Vaporizer Temp.',NULL,'integer','C',1,NULL,0,1,0);
INSERT INTO "parameter" VALUES(42,'Vacuum Pressure',NULL,'float','mTorr',1,NULL,0,1,0);
INSERT INTO "parameter" VALUES(43,'Deposition Ratio',NULL,'float','nm/gram',1,NULL,0,0,1);
INSERT INTO "parameter" VALUES(44,'Gas 1',NULL,'string',NULL,1,NULL,0,1,0);
INSERT INTO "parameter" VALUES(45,'Gas 1 Flow',NULL,'float','sccm',1,NULL,0,1,0);
INSERT INTO "parameter" VALUES(46,'Gas 2',NULL,'string',NULL,1,NULL,0,1,0);
INSERT INTO "parameter" VALUES(47,'Gas 2 Flow',NULL,'float','sccm',1,NULL,0,1,0);
INSERT INTO "parameter" VALUES(48,'Gas 1 RF Power',NULL,'float','Watts',1,NULL,0,1,0);
INSERT INTO "parameter" VALUES(49,'Gas 2 RF Power',NULL,'float','Watts',1,NULL,0,1,0);
INSERT INTO "parameter" VALUES(50,'ICP Power',NULL,'float','Watts',1,NULL,0,1,0);
INSERT INTO "parameter" VALUES(51,'Etch Rate',NULL,'float','um/min',1,NULL,0,0,1);
INSERT INTO "parameter" VALUES(52,'Etching Solution',NULL,'string',NULL,1,NULL,0,1,0);
INSERT INTO "parameter" VALUES(53,'Chemisrty',NULL,'string',NULL,1,NULL,0,1,0);
INSERT INTO "parameter" VALUES(54,'Etch Rate',NULL,'float','nm/sec',1,NULL,0,0,1);
INSERT INTO "parameter" VALUES(55,'Exposure Dose',NULL,'float','mJ/cm^3',1,NULL,0,1,0);
INSERT INTO "parameter" VALUES(56,'Developer',NULL,'string',NULL,1,NULL,0,1,0);
INSERT INTO "parameter" VALUES(57,'Bake Time',NULL,'float','minutes',1,NULL,0,1,0);
INSERT INTO "parameter" VALUES(58,'Bake Temp.',NULL,'float','C',1,NULL,0,1,0);
INSERT INTO "parameter" VALUES(59,'Spread Speed',NULL,'float','rpm',1,NULL,0,1,0);
INSERT INTO "parameter" VALUES(60,'Spread time',NULL,'float','Seconds',1,NULL,0,1,0);
INSERT INTO "parameter" VALUES(61,'Spin Time',NULL,'float','Seconds',1,NULL,0,1,0);
INSERT INTO "parameter" VALUES(62,'HMDS in flask?',NULL,'string',NULL,1,NULL,0,1,0);
INSERT INTO "parameter" VALUES(63,'Water Contact Angle',NULL,'float','degrees',1,NULL,0,0,1);
INSERT INTO "parameter" VALUES(64,'HMDS Thickness',NULL,'float','nm',1,NULL,0,0,1);
INSERT INTO "parameter" VALUES(65,'Burn Box (on/off)',NULL,'string',NULL,1,NULL,0,1,0);
INSERT INTO "parameter" VALUES(66,'SiH4-Setpoint',NULL,'float','sccm',1,NULL,0,1,0);
INSERT INTO "parameter" VALUES(67,'Deposition Pressure',NULL,'float','mTorr',1,NULL,0,1,0);
INSERT INTO "parameter" VALUES(68,'Film Stress',NULL,'float','MPa',1,NULL,0,0,1);
INSERT INTO "parameter" VALUES(69,'Optical Property @ 633nm: n',NULL,'float',NULL,1,NULL,0,0,1);
INSERT INTO "parameter" VALUES(70,'Optical property @633 nm: k',NULL,'float',NULL,1,NULL,0,0,1);
INSERT INTO "parameter" VALUES(71,'DCS',NULL,'float','sccm',1,NULL,0,1,0);
INSERT INTO "parameter" VALUES(72,'Controller Setpoint',NULL,'float',NULL,1,NULL,0,1,0);
INSERT INTO "parameter" VALUES(73,'Program',NULL,'integer',NULL,1,NULL,0,1,0);
INSERT INTO "parameter" VALUES(74,'Oxidation Type',NULL,'string',NULL,1,NULL,0,1,0);
INSERT INTO "parameter" VALUES(75,'N2',NULL,'float','Volts',1,NULL,0,1,0);
INSERT INTO "parameter" VALUES(76,'O2',NULL,'float','Volts',1,NULL,0,1,0);
INSERT INTO "parameter" VALUES(77,'H2',NULL,'float','Volts',1,NULL,0,1,0);
INSERT INTO "parameter" VALUES(78,'N2',NULL,'float','slpm',1,NULL,0,1,0);
INSERT INTO "parameter" VALUES(79,'O2',NULL,'float','slpm',1,NULL,0,1,0);
INSERT INTO "parameter" VALUES(80,'Number of Loops',NULL,'integer',NULL,1,NULL,0,1,0);
INSERT INTO "parameter" VALUES(81,'Round Work Size',NULL,'float','mm',1,NULL,0,1,0);
INSERT INTO "parameter" VALUES(82,'Blade Type',NULL,'integer',NULL,1,NULL,0,1,0);
INSERT INTO "parameter" VALUES(83,'Index',NULL,'string',NULL,1,NULL,0,1,0);
INSERT INTO "parameter" VALUES(84,'Flange O.D.',NULL,'float','mm',1,NULL,0,1,0);
INSERT INTO "parameter" VALUES(85,'Cut Mode',NULL,'string',NULL,1,NULL,0,1,0);
INSERT INTO "parameter" VALUES(86,'Work Shape',NULL,'string',NULL,1,NULL,0,1,0);
INSERT INTO "parameter" VALUES(87,'Blade Dimensions (OD x Thickness x ID)',NULL,'string','mm',1,NULL,0,1,0);
INSERT INTO "parameter" VALUES(88,'Blade ID',NULL,'string',NULL,1,NULL,0,1,0);
INSERT INTO "parameter" VALUES(89,'Wire Material',NULL,'string',NULL,1,NULL,0,1,0);
INSERT INTO "parameter" VALUES(90,'A Search',NULL,'float',NULL,1,NULL,0,1,0);
INSERT INTO "parameter" VALUES(91,'B Search',NULL,'float',NULL,1,NULL,0,1,0);
INSERT INTO "parameter" VALUES(92,'Loop',NULL,'float',NULL,1,NULL,0,1,0);
INSERT INTO "parameter" VALUES(93,'Reset',NULL,'float',NULL,1,NULL,0,1,0);
INSERT INTO "parameter" VALUES(94,'Dual Weight',NULL,'float',NULL,1,NULL,0,1,0);
INSERT INTO "parameter" VALUES(95,'Bond Force',NULL,'float',NULL,1,NULL,0,1,0);
INSERT INTO "parameter" VALUES(96,'Speed',NULL,'float',NULL,1,NULL,0,1,0);
INSERT INTO "parameter" VALUES(97,'Clamp Switch',NULL,'string',NULL,1,NULL,0,1,0);
INSERT INTO "parameter" VALUES(98,'Bond Strength',NULL,'float','gram(s)',1,NULL,0,0,1);
INSERT INTO "parameter" VALUES(99,'Bonding Type',NULL,'string',NULL,1,NULL,0,1,0);
INSERT INTO "parameter" VALUES(100,'Chemicals',NULL,'string',NULL,1,NULL,0,1,0);
INSERT INTO "parameter" VALUES(101,'Ratio',NULL,'string',NULL,1,NULL,0,1,0);
INSERT INTO "parameter" VALUES(102,'Rinse Time',NULL,'float','Minutes',1,NULL,0,1,0);
INSERT INTO "parameter" VALUES(103,'Spin Dry Time',NULL,'float','Minutes',1,NULL,0,1,0);
INSERT INTO "parameter" VALUES(104,'Pressure',NULL,'float','mTorr',1,NULL,0,1,0);
INSERT INTO "parameter" VALUES(105,'Gas 3',NULL,'string',NULL,1,NULL,0,1,0);
INSERT INTO "parameter" VALUES(106,'Gas 3 Flow',NULL,'float','sccm',1,NULL,0,1,0);
INSERT INTO "parameter" VALUES(107,'Etch Rate',NULL,'float','nm/min',1,NULL,0,0,1);
INSERT INTO "parameter" VALUES(108,'Etch Cycles',NULL,'integer',NULL,1,NULL,0,1,0);
INSERT INTO "parameter" VALUES(109,'Wire Diameter',NULL,'float','um',1,NULL,0,1,0);
INSERT INTO "parameter" VALUES(110,'Time',NULL,'float','Seconds',1,NULL,0,1,0);
INSERT INTO "parameter" VALUES(111,'diH2O presoak time',NULL,'float','Minutes',1,NULL,0,1,0);
INSERT INTO "parameter" VALUES(112,'N2 Dry',NULL,'string',NULL,1,NULL,0,1,0);
INSERT INTO "parameter" VALUES(113,'Solvent',NULL,'string',NULL,1,NULL,0,1,0);
INSERT INTO "parameter" VALUES(114,'Film Thickness',NULL,'float','nm',1,NULL,1,0,0);
INSERT INTO "parameter" VALUES(115,'Wavelength',NULL,'float','nm',1,NULL,1,0,0);
INSERT INTO "parameter" VALUES(116,'Etch Depth',NULL,'float','nm',1,NULL,1,0,0);
INSERT INTO "parameter" VALUES(117,'Etch Depth',NULL,'float','um',1,NULL,1,0,0);
INSERT INTO "parameter" VALUES(118,'UV Light Intensity',NULL,'float','mW/cm^2',1,NULL,1,0,0);
INSERT INTO "parameter" VALUES(119,'Film Thickness',NULL,'float','um',1,NULL,1,0,0);
INSERT INTO "parameter" VALUES(120,'Film Thickness',NULL,'float','Angstroms',1,NULL,1,0,0);
INSERT INTO "parameter" VALUES(121,'Sheet Resistance',NULL,'float','Ohm/Sq',1,NULL,1,0,0);
INSERT INTO "parameter" VALUES(122,'Cut Depth',NULL,'float','mm',1,NULL,1,0,0);
INSERT INTO "parameter" VALUES(123,'Tape Thickness',NULL,'float','mm',1,NULL,1,0,0);
INSERT INTO "parameter" VALUES(124,'Wafer Thickness',NULL,'float','mm',1,NULL,1,0,0);
INSERT INTO "parameter" VALUES(125,'Post Exposure Bake Time',NULL,'float','Minutes',1,NULL,0,1,0);
INSERT INTO "parameter" VALUES(126,'Post Exposure Bake Temp.',NULL,'float','C',1,NULL,0,1,0);
INSERT INTO "parameter" VALUES(127,'Film Thickness',NULL,NULL,'nm',NULL,NULL,1,0,0);
INSERT INTO "parameter" VALUES(132,'Pulses per Loop- Precursor 2',NULL,NULL,NULL,NULL,NULL,1,0,0);
INSERT INTO "parameter" VALUES(144,'Power',NULL,NULL,'Watts',NULL,NULL,1,0,0);
INSERT INTO "parameter" VALUES(145,'note:',NULL,'string',NULL,1,NULL,0,1,0);
INSERT INTO "parameter" VALUES(146,'Cauchy Optical Property A',NULL,NULL,'',NULL,NULL,0,0,1);
INSERT INTO "parameter" VALUES(147,'Cauchy Optical Property B',NULL,NULL,'',NULL,NULL,0,0,1);
INSERT INTO "parameter" VALUES(148,'Cauchy Optical Property C',NULL,NULL,'',NULL,NULL,0,0,1);
INSERT INTO "parameter" VALUES(150,'newtest',NULL,NULL,'',NULL,NULL,0,0,1);
INSERT INTO "parameter" VALUES(151,'new',NULL,NULL,'',NULL,NULL,0,0,1);
INSERT INTO "parameter" VALUES(153,'Step 01',NULL,NULL,'',NULL,NULL,0,1,0);
INSERT INTO "parameter" VALUES(154,'Step 02',NULL,NULL,'',NULL,NULL,0,1,0);
INSERT INTO "parameter" VALUES(155,'Step 03',NULL,NULL,'',NULL,NULL,0,1,0);
INSERT INTO "parameter" VALUES(156,'Step 04',NULL,NULL,'',NULL,NULL,0,1,0);
INSERT INTO "parameter" VALUES(157,'Thickness',NULL,NULL,'um',NULL,NULL,1,0,0);
INSERT INTO "parameter" VALUES(158,'Step 05',NULL,NULL,'',NULL,NULL,0,1,0);
INSERT INTO "parameter" VALUES(159,'Light intensity',NULL,NULL,'mW/cm^2',NULL,NULL,1,0,0);
INSERT INTO "parameter" VALUES(160,'Step 06',NULL,NULL,'',NULL,NULL,0,1,0);
INSERT INTO "parameter" VALUES(161,'Step 07',NULL,NULL,'',NULL,NULL,0,1,0);
INSERT INTO "parameter" VALUES(162,'Step 08',NULL,NULL,'',NULL,NULL,0,1,0);
INSERT INTO "parameter" VALUES(163,'Note:',NULL,NULL,'',NULL,NULL,0,1,0);
INSERT INTO "parameter" VALUES(215,'tmp_name',NULL,'tmp_type','tmp_unit',1,NULL,1,0,0);
INSERT INTO "parameter" VALUES(218,'tmp_name',NULL,'tmp_type','tmp_unit',1,NULL,1,0,0);
INSERT INTO "parameter" VALUES(221,'tmp_name',NULL,'tmp_type','tmp_unit',1,NULL,1,0,0);
INSERT INTO "parameter" VALUES(224,'tmp_name',NULL,'tmp_type','tmp_unit',1,NULL,1,0,0);
INSERT INTO "parameter" VALUES(227,'tmp_name',NULL,'tmp_type','tmp_unit',1,NULL,1,0,0);
INSERT INTO "parameter" VALUES(230,'tmp_name',NULL,'tmp_type','tmp_unit',1,NULL,1,0,0);
INSERT INTO "parameter" VALUES(233,'tmp_name',NULL,'tmp_type','tmp_unit',1,NULL,1,0,0);
INSERT INTO "parameter" VALUES(236,'tmp_name',NULL,'tmp_type','tmp_unit',1,NULL,1,0,0);
INSERT INTO "parameter" VALUES(239,'tmp_name',NULL,'tmp_type','tmp_unit',1,NULL,1,0,0);
INSERT INTO "parameter" VALUES(242,'tmp_name',NULL,'tmp_type','tmp_unit',1,NULL,1,0,0);
INSERT INTO "parameter" VALUES(245,'tmp_name',NULL,'tmp_type','tmp_unit',1,NULL,1,0,0);
INSERT INTO "parameter" VALUES(248,'tmp_name',NULL,'tmp_type','tmp_unit',1,NULL,1,0,0);
INSERT INTO "parameter" VALUES(251,'tmp_name',NULL,'tmp_type','tmp_unit',1,NULL,1,0,0);
INSERT INTO "parameter" VALUES(254,'tmp_name',NULL,'tmp_type','tmp_unit',1,NULL,1,0,0);
INSERT INTO "parameter" VALUES(257,'tmp_name',NULL,'tmp_type','tmp_unit',1,NULL,1,0,0);
INSERT INTO "parameter" VALUES(260,'tmp_name',NULL,'tmp_type','tmp_unit',1,NULL,1,0,0);
CREATE TABLE "equation" (
"id"  INTEGER PRIMARY KEY AUTOINCREMENT NOT NULL,
"process_id"  INTEGER NOT NULL,
"name"  TEXT(48),
"equation"  TEXT(2048) NOT NULL,
"unit"  TEXT(48),
CONSTRAINT "process_id" FOREIGN KEY ("process_id") REFERENCES "processes" ("id")
);
INSERT INTO "equation" VALUES(11,121,'new3','12',NULL);
INSERT INTO "equation" VALUES(15,6,'Deposition time','( (var_id114_Film_Thickness/ var_id10_Sputter_Rate)* var_id144_Power)/50','min');
INSERT INTO "equation" VALUES(16,7,'Deposition time','( var_id144_Power/50) * ( var_id114_Film_Thickness/ var_id10_Sputter_Rate)','min');
INSERT INTO "equation" VALUES(17,8,'Deposition time','( var_id144_Power/50)*( var_id114_Film_Thickness/ var_id10_Sputter_Rate)','min');
INSERT INTO "equation" VALUES(18,9,'Deposition time','( var_id144_Power/50)*( var_id114_Film_Thickness/ var_id10_Sputter_Rate)','min');
INSERT INTO "equation" VALUES(19,10,'Deposition time','( var_id144_Power/50)*( var_id114_Film_Thickness/ var_id10_Sputter_Rate)','min');
INSERT INTO "equation" VALUES(20,1,'test','5',NULL);
INSERT INTO "equation" VALUES(21,11,'Deposition time','( var_id144_Power/50)*( var_id114_Film_Thickness/ var_id10_Sputter_Rate)','min');
INSERT INTO "equation" VALUES(22,12,'Deposition time','( var_id144_Power/50)*( var_id114_Film_Thickness/ var_id10_Sputter_Rate)','min');
INSERT INTO "equation" VALUES(23,13,'Deposition time','( var_id144_Power/50)*( var_id114_Film_Thickness/ var_id10_Sputter_Rate)','min');
INSERT INTO "equation" VALUES(24,14,'Deposition time','( var_id144_Power/50)*( var_id114_Film_Thickness/ var_id10_Sputter_Rate)','min');
INSERT INTO "equation" VALUES(25,15,'Deposition time','( var_id144_Power/50)*( var_id114_Film_Thickness/ var_id10_Sputter_Rate)','min');
INSERT INTO "equation" VALUES(26,16,'Deposition time','( var_id144_Power/50)*( var_id114_Film_Thickness/ var_id10_Sputter_Rate)','min');
INSERT INTO "equation" VALUES(27,17,'Deposition time','( var_id144_Power/50)*( var_id114_Film_Thickness/ var_id10_Sputter_Rate)','min');
INSERT INTO "equation" VALUES(28,18,'Deposition time','( var_id144_Power/50)*( var_id114_Film_Thickness/ var_id10_Sputter_Rate)','min');
INSERT INTO "equation" VALUES(29,19,'Deposition time','( var_id144_Power/50)*( var_id114_Film_Thickness/ var_id10_Sputter_Rate)','min');
INSERT INTO "equation" VALUES(30,20,'Deposition time','( var_id144_Power/50)*( var_id114_Film_Thickness/ var_id10_Sputter_Rate)','min');
INSERT INTO "equation" VALUES(31,2,'# of Loops',' var_id114_Film_Thickness/0.136',NULL);
INSERT INTO "equation" VALUES(32,2,'Estimated Refractive Index','var_id146_Cauchy_Optical_Property_A + var_id115_Wavelength/( var_id147_Cauchy_Optical_Property_B ^2)+ var_id115_Wavelength/( var_id148_Cauchy_Optical_Property_C^4)','');
INSERT INTO "equation" VALUES(33,3,'# of Loops',' var_id114_Film_Thickness/0.177',NULL);
INSERT INTO "equation" VALUES(34,3,'Estimated Refractive Index',' var_id146_Cauchy_Optical_Property_A + var_id115_Wavelength/( var_id147_Cauchy_Optical_Property_B^2)+ var_id115_Wavelength/( var_id148_Cauchy_Optical_Property_C^4)','');
INSERT INTO "equation" VALUES(35,4,'# of Loops',' var_id114_Film_Thickness/0.045',NULL);
INSERT INTO "equation" VALUES(36,4,'Estimated Refractive Index',' var_id17_Cauchy_Optical_Property_A+ var_id115_Wavelength/( var_id18_Cauchy_Optical_Property_B^2)+ var_id115_Wavelength/( var_id19_Cauchy_Optical_Property_C^4)',NULL);
INSERT INTO "equation" VALUES(37,86,'# of Loops',' var_id114_Film_Thickness/0.138',NULL);
INSERT INTO "equation" VALUES(38,86,'Estimated Refractive Index',' var_id17_Cauchy_Optical_Property_A+ var_id115_Wavelength/( var_id18_Cauchy_Optical_Property_B^2)+ var_id115_Wavelength/( var_id19_Cauchy_Optical_Property_C^4)',NULL);
INSERT INTO "equation" VALUES(39,87,'# of Loops',' var_id114_Film_Thickness/0.144',NULL);
INSERT INTO "equation" VALUES(40,87,'Estimated Refractive Index',' var_id17_Cauchy_Optical_Property_A+ var_id115_Wavelength/( var_id18_Cauchy_Optical_Property_B^2)+ var_id115_Wavelength/( var_id19_Cauchy_Optical_Property_C^4)',NULL);
INSERT INTO "equation" VALUES(41,88,'# of Loops',' var_id114_Film_Thickness/0.214',NULL);
INSERT INTO "equation" VALUES(42,88,'Estimated Refractive Index',' var_id17_Cauchy_Optical_Property_A+ var_id115_Wavelength/( var_id18_Cauchy_Optical_Property_B^2)+ var_id115_Wavelength/( var_id19_Cauchy_Optical_Property_C^4)',NULL);
INSERT INTO "equation" VALUES(43,21,'Deposition time',' var_id114_Film_Thickness/ var_id24_Deposition_Rate','min');
INSERT INTO "equation" VALUES(44,22,'Deposition time',' var_id114_Film_Thickness/ var_id24_Deposition_Rate','min');
INSERT INTO "equation" VALUES(45,23,'Deposition time',' var_id114_Film_Thickness/ var_id24_Deposition_Rate','min');
INSERT INTO "equation" VALUES(46,24,'Deposition time',' var_id114_Film_Thickness/ var_id24_Deposition_Rate','min');
INSERT INTO "equation" VALUES(47,25,'Deposition time',' var_id114_Film_Thickness/ var_id24_Deposition_Rate','min');
INSERT INTO "equation" VALUES(48,26,'Deposition time',' var_id114_Film_Thickness/ var_id24_Deposition_Rate','min');
INSERT INTO "equation" VALUES(49,27,'Deposition time',' var_id114_Film_Thickness/ var_id24_Deposition_Rate','min');
INSERT INTO "equation" VALUES(50,28,'Deposition time',' var_id114_Film_Thickness/ var_id24_Deposition_Rate','min');
INSERT INTO "equation" VALUES(51,30,'Amount of Dimer',' var_id114_Film_Thickness/ var_id43_Deposition_Ratio','gram(s)');
INSERT INTO "equation" VALUES(52,31,'Etch Time',' var_id116_Etch_Depth/ var_id107_Etch_Rate','min');
INSERT INTO "equation" VALUES(53,32,'Etch Time',' var_id116_Etch_Depth/ var_id107_Etch_Rate','min');
INSERT INTO "equation" VALUES(54,33,'Etch Time',' var_id116_Etch_Depth/ var_id107_Etch_Rate','min');
INSERT INTO "equation" VALUES(55,34,'Etch Time',' var_id116_Etch_Depth/ var_id107_Etch_Rate','min');
INSERT INTO "equation" VALUES(56,35,'Etch Time',' var_id116_Etch_Depth/ var_id107_Etch_Rate','min');
INSERT INTO "equation" VALUES(57,36,'Etch Time',' var_id116_Etch_Depth/ var_id107_Etch_Rate','min');
INSERT INTO "equation" VALUES(58,37,'Etch Time',' var_id116_Etch_Depth/ var_id107_Etch_Rate','min');
INSERT INTO "equation" VALUES(59,38,'Etch Time',' var_id116_Etch_Depth/ var_id107_Etch_Rate','min');
INSERT INTO "equation" VALUES(60,39,'Etch Time',' var_id116_Etch_Depth/ var_id107_Etch_Rate','min');
INSERT INTO "equation" VALUES(61,40,'Etch Time',' var_id116_Etch_Depth/ var_id107_Etch_Rate','min');
INSERT INTO "equation" VALUES(62,41,'Etch Time',' var_id117_Etch_Depth/ var_id51_Etch_Rate','min');
INSERT INTO "equation" VALUES(63,42,'Etch Time',' var_id117_Etch_Depth/ var_id51_Etch_Rate','min');
INSERT INTO "equation" VALUES(64,43,'Etch Time',' var_id117_Etch_Depth/ var_id51_Etch_Rate','min');
INSERT INTO "equation" VALUES(65,44,'Etch Time',' var_id117_Etch_Depth/ var_id51_Etch_Rate','min');
INSERT INTO "equation" VALUES(66,45,'Etch Time',' var_id117_Etch_Depth/ var_id51_Etch_Rate','min');
INSERT INTO "equation" VALUES(67,46,'Etch Time',' var_id116_Etch_Depth/ var_id54_Etch_Rate','sec');
INSERT INTO "equation" VALUES(68,47,'Etch Time',' var_id116_Etch_Depth/ var_id54_Etch_Rate','sec');
INSERT INTO "equation" VALUES(69,48,'Etch Time',' var_id116_Etch_Depth/ var_id54_Etch_Rate','sec');
INSERT INTO "equation" VALUES(70,49,'Etch Time',' var_id116_Etch_Depth/ var_id54_Etch_Rate','sec');
INSERT INTO "equation" VALUES(71,50,'Etch Time',' var_id116_Etch_Depth/ var_id54_Etch_Rate','sec');
INSERT INTO "equation" VALUES(72,61,'Deposition time',' var_id114_Film_Thickness/ var_id24_Deposition_Rate','min');
INSERT INTO "equation" VALUES(73,62,'Deposition time',' var_id114_Film_Thickness/ var_id24_Deposition_Rate','min');
INSERT INTO "equation" VALUES(74,63,'Run time',' var_id114_Film_Thickness/ var_id24_Deposition_Rate','min');
INSERT INTO "equation" VALUES(75,64,'Run time',' var_id114_Film_Thickness/ var_id24_Deposition_Rate','min');
INSERT INTO "equation" VALUES(76,65,'Run time',' 0.00006*(var_id120_Film_Thickness)^2+0.1355* var_id120_Film_Thickness-1.3525','min');
INSERT INTO "equation" VALUES(77,66,'Run Time','0.000001*( var_id120_Film_Thickness)^2+0.004* var_id120_Film_Thickness-0.0419','min');
INSERT INTO "equation" VALUES(78,67,'Diffusion Time','0.0007* var_id121_Sheet_Resistance^2-0.1371* var_id121_Sheet_Resistance+12.625','min');
INSERT INTO "equation" VALUES(79,51,'Exposure Time',' var_id55_Exposure_Dose/ var_id118_UV_Light_Intensity','sec');
INSERT INTO "equation" VALUES(80,52,'Exposure Time',' var_id55_Exposure_Dose/ var_id118_UV_Light_Intensity','sec');
INSERT INTO "equation" VALUES(81,53,'Exposure Time',' var_id55_Exposure_Dose/ var_id118_UV_Light_Intensity','sec');
INSERT INTO "equation" VALUES(82,54,'Exposure Time',' var_id55_Exposure_Dose/ var_id118_UV_Light_Intensity','sec');
INSERT INTO "equation" VALUES(83,55,'Spin Speed','16298* (var_id119_Film_Thickness)^(-2.52)','rpm');
INSERT INTO "equation" VALUES(84,56,'Spin Speed','3175.6* var_id119_Film_Thickness^(-1.939)','rpm');
INSERT INTO "equation" VALUES(85,57,'Spin Speed','86175* var_id119_Film_Thickness^(-1.624)','rpm');
INSERT INTO "equation" VALUES(86,59,'Spin Speed','11667* var_id119_Film_Thickness^(-2.062)','rpm');
INSERT INTO "equation" VALUES(87,69,'Blade Height',' var_id123_Tape_Thickness+ var_id124_Wafer_Thickness- var_id122_Cut_Depth','mm');
INSERT INTO "equation" VALUES(88,69,'Feed Speed','6/ var_id122_Cut_Depth','mm/sec');
INSERT INTO "equation" VALUES(89,70,'Blade Height',' var_id123_Tape_Thickness+ var_id124_Wafer_Thickness- var_id122_Cut_Depth','mm');
INSERT INTO "equation" VALUES(90,70,'Feed Speed','2/ var_id122_Cut_Depth','mm/sec');
INSERT INTO "equation" VALUES(91,122,'Spin Speed','90137*var_id157_Thickness^(-1.025  )','rpm');
INSERT INTO "equation" VALUES(92,122,'Soft Bake 65 C time','-0.0002*var_id157_Thickness^2 + 0.0812*var_id157_Thickness - 1.7192  ','min');
INSERT INTO "equation" VALUES(93,122,'Soft Bake 95 C time',' 0.2137*var_id157_Thickness - 3.9685 ','min');
INSERT INTO "equation" VALUES(94,122,'Exposure Time','( -5*10^(-5)*var_id157_Thickness^2 + 0.986*var_id157_Thickness + 122.68) / var_id159_Light_intensity','sec');
INSERT INTO "equation" VALUES(95,122,'Post Exposure Bake 65 C Time','-0.0001* var_id157_Thickness^2 + 0.0544* var_id157_Thickness-0.8968 ','min');
INSERT INTO "equation" VALUES(96,122,'Post Exposure Bake 95 C time','-3*10^(-5)*var_id157_Thickness^2 + 0.0592*var_id157_Thickness + 3.3996  ','min');
INSERT INTO "equation" VALUES(97,122,'Developer Time','-5*10^(-6)* var_id157_Thickness^3 + 0.0016* var_id157_Thickness^2 - 0.0669* var_id157_Thickness + 5.0683 ','min');
CREATE TABLE "process_form" (
"process_id"  INTEGER,
"parameter_id"  INTEGER,
"value"  TEXT(255),
"confidence"  INTEGER,
"data_origin"  TEXT(1024)
);
INSERT INTO "process_form" VALUES(2,13,'Standard',NULL,NULL);
INSERT INTO "process_form" VALUES(2,14,'1',NULL,NULL);
INSERT INTO "process_form" VALUES(2,15,'1',NULL,NULL);
INSERT INTO "process_form" VALUES(2,16,'6.2',NULL,NULL);
INSERT INTO "process_form" VALUES(2,146,'5',NULL,NULL);
INSERT INTO "process_form" VALUES(2,147,'5',NULL,NULL);
INSERT INTO "process_form" VALUES(2,148,'5',NULL,NULL);
INSERT INTO "process_form" VALUES(3,13,'Standard',NULL,NULL);
INSERT INTO "process_form" VALUES(3,14,'1',NULL,NULL);
INSERT INTO "process_form" VALUES(3,15,'1',NULL,NULL);
INSERT INTO "process_form" VALUES(3,16,'6.0',NULL,NULL);
INSERT INTO "process_form" VALUES(3,146,'5',NULL,NULL);
INSERT INTO "process_form" VALUES(3,147,'5',NULL,NULL);
INSERT INTO "process_form" VALUES(3,148,'5',NULL,NULL);
INSERT INTO "process_form" VALUES(4,19,NULL,NULL,NULL);
INSERT INTO "process_form" VALUES(4,14,NULL,NULL,NULL);
INSERT INTO "process_form" VALUES(4,15,NULL,NULL,NULL);
INSERT INTO "process_form" VALUES(4,16,NULL,NULL,NULL);
INSERT INTO "process_form" VALUES(4,17,NULL,NULL,NULL);
INSERT INTO "process_form" VALUES(4,18,NULL,NULL,NULL);
INSERT INTO "process_form" VALUES(4,13,NULL,NULL,NULL);
INSERT INTO "process_form" VALUES(5,13,NULL,NULL,NULL);
INSERT INTO "process_form" VALUES(5,14,NULL,NULL,NULL);
INSERT INTO "process_form" VALUES(5,15,NULL,NULL,NULL);
INSERT INTO "process_form" VALUES(5,16,NULL,NULL,NULL);
INSERT INTO "process_form" VALUES(5,17,NULL,NULL,NULL);
INSERT INTO "process_form" VALUES(5,18,NULL,NULL,NULL);
INSERT INTO "process_form" VALUES(5,19,NULL,NULL,NULL);
INSERT INTO "process_form" VALUES(86,13,'Expo',NULL,NULL);
INSERT INTO "process_form" VALUES(86,14,'2',NULL,NULL);
INSERT INTO "process_form" VALUES(86,15,'2',NULL,NULL);
INSERT INTO "process_form" VALUES(86,16,'7.15',NULL,NULL);
INSERT INTO "process_form" VALUES(86,17,'1.64',NULL,NULL);
INSERT INTO "process_form" VALUES(86,18,'.004',NULL,NULL);
INSERT INTO "process_form" VALUES(86,19,'.0002',NULL,NULL);
INSERT INTO "process_form" VALUES(87,13,'Expo',NULL,NULL);
INSERT INTO "process_form" VALUES(87,14,'2',NULL,NULL);
INSERT INTO "process_form" VALUES(87,15,'2',NULL,NULL);
INSERT INTO "process_form" VALUES(87,16,'6.3',NULL,NULL);
INSERT INTO "process_form" VALUES(87,17,NULL,NULL,NULL);
INSERT INTO "process_form" VALUES(87,18,NULL,NULL,NULL);
INSERT INTO "process_form" VALUES(87,19,NULL,NULL,NULL);
INSERT INTO "process_form" VALUES(88,13,'Expo',NULL,NULL);
INSERT INTO "process_form" VALUES(88,14,'2',NULL,NULL);
INSERT INTO "process_form" VALUES(88,15,'2',NULL,NULL);
INSERT INTO "process_form" VALUES(88,16,'6.7',NULL,NULL);
INSERT INTO "process_form" VALUES(88,17,NULL,NULL,NULL);
INSERT INTO "process_form" VALUES(88,18,NULL,NULL,NULL);
INSERT INTO "process_form" VALUES(88,19,NULL,NULL,NULL);
INSERT INTO "process_form" VALUES(6,1,'1',NULL,NULL);
INSERT INTO "process_form" VALUES(6,2,'1x10^-6',NULL,NULL);
INSERT INTO "process_form" VALUES(6,3,'.6',NULL,NULL);
INSERT INTO "process_form" VALUES(6,4,'2',NULL,NULL);
INSERT INTO "process_form" VALUES(6,144,'',NULL,NULL);
INSERT INTO "process_form" VALUES(6,6,'3',NULL,NULL);
INSERT INTO "process_form" VALUES(6,7,'50',NULL,NULL);
INSERT INTO "process_form" VALUES(6,8,'3.6',NULL,NULL);
INSERT INTO "process_form" VALUES(6,9,'2.8',NULL,NULL);
INSERT INTO "process_form" VALUES(6,10,'16.67',NULL,NULL);
INSERT INTO "process_form" VALUES(7,1,'3',NULL,NULL);
INSERT INTO "process_form" VALUES(7,2,'.000001','','');
INSERT INTO "process_form" VALUES(7,3,'.6',NULL,NULL);
INSERT INTO "process_form" VALUES(7,4,'2',NULL,NULL);
INSERT INTO "process_form" VALUES(7,144,'',NULL,NULL);
INSERT INTO "process_form" VALUES(7,6,'3',NULL,NULL);
INSERT INTO "process_form" VALUES(7,7,'50',NULL,NULL);
INSERT INTO "process_form" VALUES(7,8,'7.45',NULL,NULL);
INSERT INTO "process_form" VALUES(7,9,'12.5','','
                        ');
INSERT INTO "process_form" VALUES(7,10,'8.48',NULL,NULL);
INSERT INTO "process_form" VALUES(8,3,'.6','','');
INSERT INTO "process_form" VALUES(8,2,'1x10^-6',NULL,NULL);
INSERT INTO "process_form" VALUES(8,1,'3',NULL,NULL);
INSERT INTO "process_form" VALUES(8,4,'2',NULL,NULL);
INSERT INTO "process_form" VALUES(8,144,'0',NULL,NULL);
INSERT INTO "process_form" VALUES(8,6,'3',NULL,NULL);
INSERT INTO "process_form" VALUES(8,7,'50',NULL,NULL);
INSERT INTO "process_form" VALUES(8,8,'7.84',NULL,NULL);
INSERT INTO "process_form" VALUES(8,9,'40',NULL,NULL);
INSERT INTO "process_form" VALUES(8,10,'6.54',NULL,NULL);
INSERT INTO "process_form" VALUES(9,1,'3',NULL,NULL);
INSERT INTO "process_form" VALUES(9,2,'1x10^-6',NULL,NULL);
INSERT INTO "process_form" VALUES(9,3,'.6',NULL,NULL);
INSERT INTO "process_form" VALUES(9,4,'2',NULL,NULL);
INSERT INTO "process_form" VALUES(9,144,'',NULL,NULL);
INSERT INTO "process_form" VALUES(9,6,'3',NULL,NULL);
INSERT INTO "process_form" VALUES(9,7,'50',NULL,NULL);
INSERT INTO "process_form" VALUES(9,8,'6.3',NULL,NULL);
INSERT INTO "process_form" VALUES(9,9,'2.4',NULL,NULL);
INSERT INTO "process_form" VALUES(9,10,'25',NULL,NULL);
INSERT INTO "process_form" VALUES(10,1,'2',NULL,NULL);
INSERT INTO "process_form" VALUES(10,2,'1x10^-6',NULL,NULL);
INSERT INTO "process_form" VALUES(10,3,'.6',NULL,NULL);
INSERT INTO "process_form" VALUES(10,4,'2',NULL,NULL);
INSERT INTO "process_form" VALUES(10,144,'',NULL,NULL);
INSERT INTO "process_form" VALUES(10,6,'3',NULL,NULL);
INSERT INTO "process_form" VALUES(10,7,'50',NULL,NULL);
INSERT INTO "process_form" VALUES(10,8,'64.6',NULL,NULL);
INSERT INTO "process_form" VALUES(10,9,'5.3',NULL,NULL);
INSERT INTO "process_form" VALUES(10,10,'8.5',NULL,NULL);
INSERT INTO "process_form" VALUES(11,1,'2',NULL,NULL);
INSERT INTO "process_form" VALUES(11,2,'1x10^-6',NULL,NULL);
INSERT INTO "process_form" VALUES(11,3,'.6',NULL,NULL);
INSERT INTO "process_form" VALUES(11,4,'2',NULL,NULL);
INSERT INTO "process_form" VALUES(11,144,'',NULL,NULL);
INSERT INTO "process_form" VALUES(11,6,'3',NULL,NULL);
INSERT INTO "process_form" VALUES(11,7,'50',NULL,NULL);
INSERT INTO "process_form" VALUES(11,8,'2470',NULL,NULL);
INSERT INTO "process_form" VALUES(11,9,'800',NULL,NULL);
INSERT INTO "process_form" VALUES(11,10,'11.86',NULL,NULL);
INSERT INTO "process_form" VALUES(12,1,'3',NULL,NULL);
INSERT INTO "process_form" VALUES(12,2,'1x10^-6',NULL,NULL);
INSERT INTO "process_form" VALUES(12,3,'.6',NULL,NULL);
INSERT INTO "process_form" VALUES(12,4,'2',NULL,NULL);
INSERT INTO "process_form" VALUES(12,144,'',NULL,NULL);
INSERT INTO "process_form" VALUES(12,6,'3',NULL,NULL);
INSERT INTO "process_form" VALUES(12,7,'50',NULL,NULL);
INSERT INTO "process_form" VALUES(12,8,'2.36',NULL,NULL);
INSERT INTO "process_form" VALUES(12,9,'1.6',NULL,NULL);
INSERT INTO "process_form" VALUES(12,10,'43.75',NULL,NULL);
INSERT INTO "process_form" VALUES(13,1,NULL,NULL,NULL);
INSERT INTO "process_form" VALUES(13,2,'1x10^-6',NULL,NULL);
INSERT INTO "process_form" VALUES(13,3,'.6',NULL,NULL);
INSERT INTO "process_form" VALUES(13,4,'2',NULL,NULL);
INSERT INTO "process_form" VALUES(13,144,'',NULL,NULL);
INSERT INTO "process_form" VALUES(13,6,'2.4',NULL,NULL);
INSERT INTO "process_form" VALUES(13,7,'25',NULL,NULL);
INSERT INTO "process_form" VALUES(13,8,NULL,NULL,NULL);
INSERT INTO "process_form" VALUES(13,9,NULL,NULL,NULL);
INSERT INTO "process_form" VALUES(13,10,'1.17',NULL,NULL);
INSERT INTO "process_form" VALUES(14,11,'1',NULL,NULL);
INSERT INTO "process_form" VALUES(14,144,'',NULL,NULL);
INSERT INTO "process_form" VALUES(14,6,'10',NULL,NULL);
INSERT INTO "process_form" VALUES(14,10,'5.08',NULL,NULL);
INSERT INTO "process_form" VALUES(14,12,'9.85',NULL,NULL);
INSERT INTO "process_form" VALUES(14,8,'35.3',NULL,NULL);
INSERT INTO "process_form" VALUES(15,11,'3',NULL,NULL);
INSERT INTO "process_form" VALUES(15,144,'',NULL,NULL);
INSERT INTO "process_form" VALUES(15,6,'10',NULL,NULL);
INSERT INTO "process_form" VALUES(15,10,'',NULL,NULL);
INSERT INTO "process_form" VALUES(15,12,'',NULL,NULL);
INSERT INTO "process_form" VALUES(15,8,'',NULL,NULL);
INSERT INTO "process_form" VALUES(16,11,'2',NULL,NULL);
INSERT INTO "process_form" VALUES(16,144,'',NULL,NULL);
INSERT INTO "process_form" VALUES(16,6,'10','','');
INSERT INTO "process_form" VALUES(16,10,'7.08',NULL,NULL);
INSERT INTO "process_form" VALUES(16,12,'11.25',NULL,NULL);
INSERT INTO "process_form" VALUES(16,8,'145.9',NULL,NULL);
INSERT INTO "process_form" VALUES(17,11,'2',NULL,NULL);
INSERT INTO "process_form" VALUES(17,144,'',NULL,NULL);
INSERT INTO "process_form" VALUES(17,6,'10',NULL,NULL);
INSERT INTO "process_form" VALUES(17,10,'10.65',NULL,NULL);
INSERT INTO "process_form" VALUES(17,12,'20.92',NULL,NULL);
INSERT INTO "process_form" VALUES(17,8,'4.31',NULL,NULL);
INSERT INTO "process_form" VALUES(18,11,'2',NULL,NULL);
INSERT INTO "process_form" VALUES(18,144,'',NULL,NULL);
INSERT INTO "process_form" VALUES(18,6,'10',NULL,NULL);
INSERT INTO "process_form" VALUES(18,10,'7.57',NULL,NULL);
INSERT INTO "process_form" VALUES(18,12,'11.01',NULL,NULL);
INSERT INTO "process_form" VALUES(19,11,'4',NULL,NULL);
INSERT INTO "process_form" VALUES(19,144,'',NULL,NULL);
INSERT INTO "process_form" VALUES(19,6,'10',NULL,NULL);
INSERT INTO "process_form" VALUES(19,10,'9.34',NULL,NULL);
INSERT INTO "process_form" VALUES(19,12,'2.38',NULL,NULL);
INSERT INTO "process_form" VALUES(19,8,'2.00',NULL,NULL);
INSERT INTO "process_form" VALUES(20,11,'4',NULL,NULL);
INSERT INTO "process_form" VALUES(20,144,'',NULL,NULL);
INSERT INTO "process_form" VALUES(20,6,'10',NULL,NULL);
INSERT INTO "process_form" VALUES(20,10,'22.8',NULL,NULL);
INSERT INTO "process_form" VALUES(20,12,'5.11',NULL,NULL);
INSERT INTO "process_form" VALUES(20,8,'5.11',NULL,NULL);
INSERT INTO "process_form" VALUES(26,20,'85',NULL,NULL);
INSERT INTO "process_form" VALUES(26,21,'200',NULL,NULL);
INSERT INTO "process_form" VALUES(26,22,'6.5',NULL,NULL);
INSERT INTO "process_form" VALUES(26,23,'14',NULL,NULL);
INSERT INTO "process_form" VALUES(26,24,'84',NULL,NULL);
INSERT INTO "process_form" VALUES(22,20,'85',NULL,NULL);
INSERT INTO "process_form" VALUES(22,21,'200',NULL,NULL);
INSERT INTO "process_form" VALUES(22,22,'6.5',NULL,NULL);
INSERT INTO "process_form" VALUES(22,23,'14',NULL,NULL);
INSERT INTO "process_form" VALUES(22,24,'84',NULL,NULL);
INSERT INTO "process_form" VALUES(26,20,'100',NULL,NULL);
INSERT INTO "process_form" VALUES(27,21,'100',NULL,NULL);
INSERT INTO "process_form" VALUES(27,22,'6.5',NULL,NULL);
INSERT INTO "process_form" VALUES(27,23,'1.7',NULL,NULL);
INSERT INTO "process_form" VALUES(27,24,'10.2',NULL,NULL);
INSERT INTO "process_form" VALUES(28,20,'50',NULL,NULL);
INSERT INTO "process_form" VALUES(28,21,'200',NULL,NULL);
INSERT INTO "process_form" VALUES(28,22,'6.5',NULL,NULL);
INSERT INTO "process_form" VALUES(28,23,'5',NULL,NULL);
INSERT INTO "process_form" VALUES(28,24,'30',NULL,NULL);
INSERT INTO "process_form" VALUES(25,20,'100',NULL,NULL);
INSERT INTO "process_form" VALUES(25,21,'200',NULL,NULL);
INSERT INTO "process_form" VALUES(25,22,'6.5',NULL,NULL);
INSERT INTO "process_form" VALUES(25,23,'4.4',NULL,NULL);
INSERT INTO "process_form" VALUES(25,24,'26.4',NULL,NULL);
INSERT INTO "process_form" VALUES(21,20,'100',NULL,NULL);
INSERT INTO "process_form" VALUES(21,21,'200',NULL,NULL);
INSERT INTO "process_form" VALUES(21,22,'6.5',NULL,NULL);
INSERT INTO "process_form" VALUES(21,23,'4.4',NULL,NULL);
INSERT INTO "process_form" VALUES(21,24,'26.4',NULL,NULL);
INSERT INTO "process_form" VALUES(23,20,'100',NULL,NULL);
INSERT INTO "process_form" VALUES(23,21,'100',NULL,NULL);
INSERT INTO "process_form" VALUES(23,22,'6.5',NULL,NULL);
INSERT INTO "process_form" VALUES(23,23,'1.7',NULL,NULL);
INSERT INTO "process_form" VALUES(23,24,'10.2',NULL,NULL);
INSERT INTO "process_form" VALUES(24,20,'50',NULL,NULL);
INSERT INTO "process_form" VALUES(24,21,'200',NULL,NULL);
INSERT INTO "process_form" VALUES(24,22,'6.5',NULL,NULL);
INSERT INTO "process_form" VALUES(24,23,'5',NULL,NULL);
INSERT INTO "process_form" VALUES(24,24,'30',NULL,NULL);
INSERT INTO "process_form" VALUES(29,25,'0',NULL,NULL);
INSERT INTO "process_form" VALUES(29,26,'250',NULL,NULL);
INSERT INTO "process_form" VALUES(29,27,'0',NULL,NULL);
INSERT INTO "process_form" VALUES(29,28,'0',NULL,NULL);
INSERT INTO "process_form" VALUES(29,29,'6',NULL,NULL);
INSERT INTO "process_form" VALUES(29,30,'20',NULL,NULL);
INSERT INTO "process_form" VALUES(29,31,'0',NULL,NULL);
INSERT INTO "process_form" VALUES(29,32,'Continuous',NULL,NULL);
INSERT INTO "process_form" VALUES(29,33,'HF',NULL,NULL);
INSERT INTO "process_form" VALUES(29,34,'0',NULL,NULL);
INSERT INTO "process_form" VALUES(29,35,'0',NULL,NULL);
INSERT INTO "process_form" VALUES(29,36,'1.2',NULL,NULL);
INSERT INTO "process_form" VALUES(29,37,'300',NULL,NULL);
INSERT INTO "process_form" VALUES(29,38,'15',NULL,NULL);
INSERT INTO "process_form" VALUES(30,39,'690',NULL,NULL);
INSERT INTO "process_form" VALUES(30,40,'135',NULL,NULL);
INSERT INTO "process_form" VALUES(30,41,'175',NULL,NULL);
INSERT INTO "process_form" VALUES(30,43,'600',NULL,NULL);
INSERT INTO "process_form" VALUES(30,42,'25',NULL,NULL);
INSERT INTO "process_form" VALUES(31,13,'CF4O2',NULL,NULL);
INSERT INTO "process_form" VALUES(31,104,'75',NULL,NULL);
INSERT INTO "process_form" VALUES(31,44,'CF4',NULL,NULL);
INSERT INTO "process_form" VALUES(31,45,'35',NULL,NULL);
INSERT INTO "process_form" VALUES(31,46,'O2',NULL,NULL);
INSERT INTO "process_form" VALUES(31,47,'3.5',NULL,NULL);
INSERT INTO "process_form" VALUES(31,105,NULL,NULL,NULL);
INSERT INTO "process_form" VALUES(31,106,NULL,NULL,NULL);
INSERT INTO "process_form" VALUES(31,5,'200',NULL,NULL);
INSERT INTO "process_form" VALUES(31,107,'43.83',NULL,NULL);
INSERT INTO "process_form" VALUES(31,12,'6.57',NULL,NULL);
INSERT INTO "process_form" VALUES(32,13,'CF4O2',NULL,NULL);
INSERT INTO "process_form" VALUES(32,104,'75',NULL,NULL);
INSERT INTO "process_form" VALUES(32,44,'CF4',NULL,NULL);
INSERT INTO "process_form" VALUES(32,45,'35',NULL,NULL);
INSERT INTO "process_form" VALUES(32,46,'O2',NULL,NULL);
INSERT INTO "process_form" VALUES(32,47,'3.5',NULL,NULL);
INSERT INTO "process_form" VALUES(32,105,NULL,NULL,NULL);
INSERT INTO "process_form" VALUES(32,106,NULL,NULL,NULL);
INSERT INTO "process_form" VALUES(32,5,'200',NULL,NULL);
INSERT INTO "process_form" VALUES(32,107,'95.34',NULL,NULL);
INSERT INTO "process_form" VALUES(32,12,'4.99',NULL,NULL);
INSERT INTO "process_form" VALUES(33,13,'SF6O2',NULL,NULL);
INSERT INTO "process_form" VALUES(33,104,'75',NULL,NULL);
INSERT INTO "process_form" VALUES(33,44,'SF6',NULL,NULL);
INSERT INTO "process_form" VALUES(33,45,'26',NULL,NULL);
INSERT INTO "process_form" VALUES(33,46,'O2',NULL,NULL);
INSERT INTO "process_form" VALUES(33,47,'3.5',NULL,NULL);
INSERT INTO "process_form" VALUES(33,105,NULL,NULL,NULL);
INSERT INTO "process_form" VALUES(33,106,NULL,NULL,NULL);
INSERT INTO "process_form" VALUES(33,5,'200',NULL,NULL);
INSERT INTO "process_form" VALUES(33,107,'1505',NULL,NULL);
INSERT INTO "process_form" VALUES(33,12,'1.99',NULL,NULL);
INSERT INTO "process_form" VALUES(34,13,'O2',NULL,NULL);
INSERT INTO "process_form" VALUES(34,104,'20',NULL,NULL);
INSERT INTO "process_form" VALUES(34,44,'O2',NULL,NULL);
INSERT INTO "process_form" VALUES(34,45,'50',NULL,NULL);
INSERT INTO "process_form" VALUES(34,46,NULL,NULL,NULL);
INSERT INTO "process_form" VALUES(34,47,NULL,NULL,NULL);
INSERT INTO "process_form" VALUES(34,105,NULL,NULL,NULL);
INSERT INTO "process_form" VALUES(34,106,NULL,NULL,NULL);
INSERT INTO "process_form" VALUES(34,5,'200',NULL,NULL);
INSERT INTO "process_form" VALUES(34,107,'191.98',NULL,NULL);
INSERT INTO "process_form" VALUES(34,12,'1.99',NULL,NULL);
INSERT INTO "process_form" VALUES(35,13,'O2',NULL,NULL);
INSERT INTO "process_form" VALUES(35,104,'20',NULL,NULL);
INSERT INTO "process_form" VALUES(35,44,'O2',NULL,NULL);
INSERT INTO "process_form" VALUES(35,45,'50',NULL,NULL);
INSERT INTO "process_form" VALUES(35,46,NULL,NULL,NULL);
INSERT INTO "process_form" VALUES(35,47,NULL,NULL,NULL);
INSERT INTO "process_form" VALUES(35,105,NULL,NULL,NULL);
INSERT INTO "process_form" VALUES(35,106,NULL,NULL,NULL);
INSERT INTO "process_form" VALUES(35,5,'200',NULL,NULL);
INSERT INTO "process_form" VALUES(35,107,'214.5',NULL,NULL);
INSERT INTO "process_form" VALUES(35,12,'1.74',NULL,NULL);
INSERT INTO "process_form" VALUES(36,13,NULL,NULL,NULL);
INSERT INTO "process_form" VALUES(36,104,'50',NULL,NULL);
INSERT INTO "process_form" VALUES(36,44,'SF6',NULL,NULL);
INSERT INTO "process_form" VALUES(36,45,'26',NULL,NULL);
INSERT INTO "process_form" VALUES(36,46,'Ar',NULL,NULL);
INSERT INTO "process_form" VALUES(36,47,'50',NULL,NULL);
INSERT INTO "process_form" VALUES(36,105,'Cl2',NULL,NULL);
INSERT INTO "process_form" VALUES(36,106,'40',NULL,NULL);
INSERT INTO "process_form" VALUES(36,5,'200',NULL,NULL);
INSERT INTO "process_form" VALUES(36,107,'112.3',NULL,NULL);
INSERT INTO "process_form" VALUES(36,12,NULL,NULL,NULL);
INSERT INTO "process_form" VALUES(84,13,'O2',NULL,NULL);
INSERT INTO "process_form" VALUES(84,104,'20',NULL,NULL);
INSERT INTO "process_form" VALUES(84,44,'O2',NULL,NULL);
INSERT INTO "process_form" VALUES(84,45,'50',NULL,NULL);
INSERT INTO "process_form" VALUES(37,46,NULL,NULL,NULL);
INSERT INTO "process_form" VALUES(37,47,NULL,NULL,NULL);
INSERT INTO "process_form" VALUES(37,105,NULL,NULL,NULL);
INSERT INTO "process_form" VALUES(37,106,NULL,NULL,NULL);
INSERT INTO "process_form" VALUES(84,5,'200',NULL,NULL);
INSERT INTO "process_form" VALUES(84,107,'190',NULL,NULL);
INSERT INTO "process_form" VALUES(84,12,'1.74',NULL,NULL);
INSERT INTO "process_form" VALUES(38,13,'SF6CF4O2',NULL,NULL);
INSERT INTO "process_form" VALUES(38,104,'75',NULL,NULL);
INSERT INTO "process_form" VALUES(38,44,'SF6',NULL,NULL);
INSERT INTO "process_form" VALUES(38,45,'25',NULL,NULL);
INSERT INTO "process_form" VALUES(38,46,'CF4',NULL,NULL);
INSERT INTO "process_form" VALUES(38,47,'10',NULL,NULL);
INSERT INTO "process_form" VALUES(38,105,'O2',NULL,NULL);
INSERT INTO "process_form" VALUES(38,106,'3.5',NULL,NULL);
INSERT INTO "process_form" VALUES(38,5,'150',NULL,NULL);
INSERT INTO "process_form" VALUES(38,107,'148.55',NULL,NULL);
INSERT INTO "process_form" VALUES(38,12,'4.36',NULL,NULL);
INSERT INTO "process_form" VALUES(39,13,'Ar',NULL,NULL);
INSERT INTO "process_form" VALUES(39,104,'20',NULL,NULL);
INSERT INTO "process_form" VALUES(39,44,'Ar',NULL,NULL);
INSERT INTO "process_form" VALUES(39,45,'20',NULL,NULL);
INSERT INTO "process_form" VALUES(39,46,NULL,NULL,NULL);
INSERT INTO "process_form" VALUES(39,47,NULL,NULL,NULL);
INSERT INTO "process_form" VALUES(39,105,NULL,NULL,NULL);
INSERT INTO "process_form" VALUES(39,106,NULL,NULL,NULL);
INSERT INTO "process_form" VALUES(39,5,'200',NULL,NULL);
INSERT INTO "process_form" VALUES(39,107,'8.43',NULL,NULL);
INSERT INTO "process_form" VALUES(39,12,'1.8',NULL,NULL);
INSERT INTO "process_form" VALUES(40,13,'sopTi',NULL,NULL);
INSERT INTO "process_form" VALUES(40,104,'100',NULL,NULL);
INSERT INTO "process_form" VALUES(40,44,'SF6',NULL,NULL);
INSERT INTO "process_form" VALUES(40,45,'26',NULL,NULL);
INSERT INTO "process_form" VALUES(40,46,'Ar',NULL,NULL);
INSERT INTO "process_form" VALUES(40,47,'5',NULL,NULL);
INSERT INTO "process_form" VALUES(40,105,NULL,NULL,NULL);
INSERT INTO "process_form" VALUES(40,106,NULL,NULL,NULL);
INSERT INTO "process_form" VALUES(40,5,'200',NULL,NULL);
INSERT INTO "process_form" VALUES(40,107,'50',NULL,NULL);
INSERT INTO "process_form" VALUES(40,12,NULL,NULL,NULL);
INSERT INTO "process_form" VALUES(42,13,'BB CF4/O2 10 mT',NULL,NULL);
INSERT INTO "process_form" VALUES(43,13,'BB CF4/O2 10 mT',NULL,NULL);
INSERT INTO "process_form" VALUES(41,104,'10',NULL,NULL);
INSERT INTO "process_form" VALUES(41,44,'O2',NULL,NULL);
INSERT INTO "process_form" VALUES(41,45,'5',NULL,NULL);
INSERT INTO "process_form" VALUES(41,48,'100',NULL,NULL);
INSERT INTO "process_form" VALUES(42,48,'100',NULL,NULL);
INSERT INTO "process_form" VALUES(41,49,'100',NULL,NULL);
INSERT INTO "process_form" VALUES(41,37,'28',NULL,NULL);
INSERT INTO "process_form" VALUES(41,50,'500',NULL,NULL);
INSERT INTO "process_form" VALUES(41,51,'0.0944',NULL,NULL);
INSERT INTO "process_form" VALUES(42,12,'3.89',NULL,NULL);
INSERT INTO "process_form" VALUES(42,104,'10',NULL,NULL);
INSERT INTO "process_form" VALUES(42,44,'O2',NULL,NULL);
INSERT INTO "process_form" VALUES(42,45,'5',NULL,NULL);
INSERT INTO "process_form" VALUES(41,46,'CF4',NULL,NULL);
INSERT INTO "process_form" VALUES(41,47,'50',NULL,NULL);
INSERT INTO "process_form" VALUES(42,46,'CF4',NULL,NULL);
INSERT INTO "process_form" VALUES(42,47,'50',NULL,NULL);
INSERT INTO "process_form" VALUES(42,49,'100',NULL,NULL);
INSERT INTO "process_form" VALUES(42,37,'28',NULL,NULL);
INSERT INTO "process_form" VALUES(42,50,'500',NULL,NULL);
INSERT INTO "process_form" VALUES(42,51,'0.1161',NULL,NULL);
INSERT INTO "process_form" VALUES(43,12,'4.9',NULL,NULL);
INSERT INTO "process_form" VALUES(44,13,'BB O2 10mT
',NULL,NULL);
INSERT INTO "process_form" VALUES(43,104,'10',NULL,NULL);
INSERT INTO "process_form" VALUES(43,44,'O2',NULL,NULL);
INSERT INTO "process_form" VALUES(43,45,'5',NULL,NULL);
INSERT INTO "process_form" VALUES(43,48,'100',NULL,NULL);
INSERT INTO "process_form" VALUES(43,46,'CF4',NULL,NULL);
INSERT INTO "process_form" VALUES(43,47,'50',NULL,NULL);
INSERT INTO "process_form" VALUES(43,49,'100',NULL,NULL);
INSERT INTO "process_form" VALUES(43,37,'26',NULL,NULL);
INSERT INTO "process_form" VALUES(43,50,'500',NULL,NULL);
INSERT INTO "process_form" VALUES(43,51,'.1645',NULL,NULL);
INSERT INTO "process_form" VALUES(44,12,'3.84',NULL,NULL);
INSERT INTO "process_form" VALUES(41,13,'BB CF4/O2 10mT',NULL,NULL);
INSERT INTO "process_form" VALUES(44,104,'1',NULL,NULL);
INSERT INTO "process_form" VALUES(44,44,'O2',NULL,NULL);
INSERT INTO "process_form" VALUES(44,45,'50',NULL,NULL);
INSERT INTO "process_form" VALUES(44,48,'100',NULL,NULL);
INSERT INTO "process_form" VALUES(44,46,NULL,NULL,NULL);
INSERT INTO "process_form" VALUES(44,47,NULL,NULL,NULL);
INSERT INTO "process_form" VALUES(44,49,NULL,NULL,NULL);
INSERT INTO "process_form" VALUES(44,37,'26',NULL,NULL);
INSERT INTO "process_form" VALUES(44,50,'500',NULL,NULL);
INSERT INTO "process_form" VALUES(44,51,'0.705',NULL,NULL);
INSERT INTO "process_form" VALUES(41,12,'3.81',NULL,NULL);
INSERT INTO "process_form" VALUES(45,13,'(Not) Bosch',NULL,NULL);
INSERT INTO "process_form" VALUES(45,104,'',NULL,NULL);
INSERT INTO "process_form" VALUES(45,44,'C4F8',NULL,NULL);
INSERT INTO "process_form" VALUES(45,45,'70',NULL,NULL);
INSERT INTO "process_form" VALUES(45,48,'10',NULL,NULL);
INSERT INTO "process_form" VALUES(45,46,'SF6',NULL,NULL);
INSERT INTO "process_form" VALUES(45,47,'95',NULL,NULL);
INSERT INTO "process_form" VALUES(45,49,'25',NULL,NULL);
INSERT INTO "process_form" VALUES(45,37,'',NULL,NULL);
INSERT INTO "process_form" VALUES(45,50,'700',NULL,NULL);
INSERT INTO "process_form" VALUES(45,51,'3.9',NULL,NULL);
INSERT INTO "process_form" VALUES(45,12,'',NULL,NULL);
INSERT INTO "process_form" VALUES(45,108,'200',NULL,NULL);
INSERT INTO "process_form" VALUES(46,52,'Al-11
',NULL,NULL);
INSERT INTO "process_form" VALUES(46,53,'H3PO4 80%, HNO3 5%, C2H4O2 5%
',NULL,NULL);
INSERT INTO "process_form" VALUES(46,37,'20',NULL,NULL);
INSERT INTO "process_form" VALUES(46,54,'0.841666667
',NULL,NULL);
INSERT INTO "process_form" VALUES(47,52,'Au  Etch
',NULL,NULL);
INSERT INTO "process_form" VALUES(47,53,'KI 10%, I2 5%
',NULL,NULL);
INSERT INTO "process_form" VALUES(47,37,'20',NULL,NULL);
INSERT INTO "process_form" VALUES(47,54,'3.4325
',NULL,NULL);
INSERT INTO "process_form" VALUES(48,52,'Cr Etch
',NULL,NULL);
INSERT INTO "process_form" VALUES(48,53,'HClO4 7%:CAN 8%
',NULL,NULL);
INSERT INTO "process_form" VALUES(48,37,'20',NULL,NULL);
INSERT INTO "process_form" VALUES(48,54,'1.45',NULL,NULL);
INSERT INTO "process_form" VALUES(49,52,'BOE
',NULL,NULL);
INSERT INTO "process_form" VALUES(49,53,'HF 25%: NH4F 40%
',NULL,NULL);
INSERT INTO "process_form" VALUES(49,37,'20',NULL,NULL);
INSERT INTO "process_form" VALUES(50,54,'10.5',NULL,NULL);
INSERT INTO "process_form" VALUES(50,52,'BOE',NULL,NULL);
INSERT INTO "process_form" VALUES(50,53,'HF 25%: NH4F 40%
',NULL,NULL);
INSERT INTO "process_form" VALUES(50,37,'20',NULL,NULL);
INSERT INTO "process_form" VALUES(49,54,'',NULL,NULL);
INSERT INTO "process_form" VALUES(51,55,'75',NULL,NULL);
INSERT INTO "process_form" VALUES(51,56,'Shipley 352',NULL,NULL);
INSERT INTO "process_form" VALUES(52,55,'200',NULL,NULL);
INSERT INTO "process_form" VALUES(52,56,'AZ400k:diH2O 1:4
',NULL,NULL);
INSERT INTO "process_form" VALUES(53,55,'66',NULL,NULL);
INSERT INTO "process_form" VALUES(53,56,'AZ300MIF
',NULL,NULL);
INSERT INTO "process_form" VALUES(54,55,'225',NULL,NULL);
INSERT INTO "process_form" VALUES(54,56,'SU-8 Developer
',NULL,NULL);
INSERT INTO "process_form" VALUES(55,57,'1',NULL,NULL);
INSERT INTO "process_form" VALUES(55,58,'110',NULL,NULL);
INSERT INTO "process_form" VALUES(55,59,'600',NULL,NULL);
INSERT INTO "process_form" VALUES(55,61,'45',NULL,NULL);
INSERT INTO "process_form" VALUES(55,60,'10',NULL,NULL);
INSERT INTO "process_form" VALUES(56,57,'5',NULL,NULL);
INSERT INTO "process_form" VALUES(56,58,'150',NULL,NULL);
INSERT INTO "process_form" VALUES(56,59,'600',NULL,NULL);
INSERT INTO "process_form" VALUES(56,60,'10',NULL,NULL);
INSERT INTO "process_form" VALUES(56,61,'45',NULL,NULL);
INSERT INTO "process_form" VALUES(57,57,'5',NULL,NULL);
INSERT INTO "process_form" VALUES(57,58,'110',NULL,NULL);
INSERT INTO "process_form" VALUES(57,59,'600',NULL,NULL);
INSERT INTO "process_form" VALUES(57,60,'10',NULL,NULL);
INSERT INTO "process_form" VALUES(57,61,'45',NULL,NULL);
INSERT INTO "process_form" VALUES(58,57,'15',NULL,NULL);
INSERT INTO "process_form" VALUES(58,58,'95',NULL,NULL);
INSERT INTO "process_form" VALUES(58,59,'600',NULL,NULL);
INSERT INTO "process_form" VALUES(58,60,'10',NULL,NULL);
INSERT INTO "process_form" VALUES(58,61,'45',NULL,NULL);
INSERT INTO "process_form" VALUES(59,57,'1.5',NULL,NULL);
INSERT INTO "process_form" VALUES(59,58,'110',NULL,NULL);
INSERT INTO "process_form" VALUES(59,59,'600',NULL,NULL);
INSERT INTO "process_form" VALUES(59,60,'3',NULL,NULL);
INSERT INTO "process_form" VALUES(59,61,'45',NULL,NULL);
INSERT INTO "process_form" VALUES(60,36,'100',NULL,NULL);
INSERT INTO "process_form" VALUES(60,63,NULL,NULL,NULL);
INSERT INTO "process_form" VALUES(60,62,'Yes',NULL,NULL);
INSERT INTO "process_form" VALUES(60,64,NULL,NULL,NULL);
INSERT INTO "process_form" VALUES(60,37,'150',NULL,NULL);
INSERT INTO "process_form" VALUES(61,13,'0 / Polysilicon
',NULL,NULL);
INSERT INTO "process_form" VALUES(61,65,'On',NULL,NULL);
INSERT INTO "process_form" VALUES(61,37,'630',NULL,NULL);
INSERT INTO "process_form" VALUES(61,66,'55',NULL,NULL);
INSERT INTO "process_form" VALUES(61,67,'250',NULL,NULL);
INSERT INTO "process_form" VALUES(61,24,'8.5',NULL,NULL);
INSERT INTO "process_form" VALUES(61,68,NULL,NULL,NULL);
INSERT INTO "process_form" VALUES(61,69,'3.96',NULL,NULL);
INSERT INTO "process_form" VALUES(61,70,'0.057',NULL,NULL);
INSERT INTO "process_form" VALUES(62,13,'1 / Amorphous Silicon
',NULL,NULL);
INSERT INTO "process_form" VALUES(62,65,'On',NULL,NULL);
INSERT INTO "process_form" VALUES(62,37,'530',NULL,NULL);
INSERT INTO "process_form" VALUES(62,66,'20',NULL,NULL);
INSERT INTO "process_form" VALUES(62,67,'300',NULL,NULL);
INSERT INTO "process_form" VALUES(62,24,'1.5',NULL,NULL);
INSERT INTO "process_form" VALUES(62,68,NULL,NULL,NULL);
INSERT INTO "process_form" VALUES(62,69,'3.407',NULL,NULL);
INSERT INTO "process_form" VALUES(62,70,'0.094',NULL,NULL);
INSERT INTO "process_form" VALUES(63,13,'0 / Low-Stress Nitride
',NULL,NULL);
INSERT INTO "process_form" VALUES(63,65,'On',NULL,NULL);
INSERT INTO "process_form" VALUES(63,37,'825',NULL,NULL);
INSERT INTO "process_form" VALUES(63,28,'10',NULL,NULL);
INSERT INTO "process_form" VALUES(63,71,'60',NULL,NULL);
INSERT INTO "process_form" VALUES(63,72,'250',NULL,NULL);
INSERT INTO "process_form" VALUES(63,24,'6.5',NULL,NULL);
INSERT INTO "process_form" VALUES(63,69,'2.168',NULL,NULL);
INSERT INTO "process_form" VALUES(63,70,'0',NULL,NULL);
INSERT INTO "process_form" VALUES(64,13,'1 / Amorphous Silicon
',NULL,NULL);
INSERT INTO "process_form" VALUES(64,65,'On',NULL,NULL);
INSERT INTO "process_form" VALUES(64,37,'780',NULL,NULL);
INSERT INTO "process_form" VALUES(64,28,'10',NULL,NULL);
INSERT INTO "process_form" VALUES(64,71,'5',NULL,NULL);
INSERT INTO "process_form" VALUES(64,72,'300',NULL,NULL);
INSERT INTO "process_form" VALUES(64,24,'4',NULL,NULL);
INSERT INTO "process_form" VALUES(64,69,'2.011',NULL,NULL);
INSERT INTO "process_form" VALUES(64,70,'0',NULL,NULL);
INSERT INTO "process_form" VALUES(65,73,'2',NULL,NULL);
INSERT INTO "process_form" VALUES(65,74,'Dry',NULL,NULL);
INSERT INTO "process_form" VALUES(65,37,'1000',NULL,NULL);
INSERT INTO "process_form" VALUES(65,75,'2.5',NULL,NULL);
INSERT INTO "process_form" VALUES(65,76,'3.5',NULL,NULL);
INSERT INTO "process_form" VALUES(65,77,NULL,NULL,NULL);
INSERT INTO "process_form" VALUES(65,68,NULL,NULL,NULL);
INSERT INTO "process_form" VALUES(65,69,'1.465',NULL,NULL);
INSERT INTO "process_form" VALUES(65,70,'0',NULL,NULL);
INSERT INTO "process_form" VALUES(66,73,'4',NULL,NULL);
INSERT INTO "process_form" VALUES(66,74,'Wet',NULL,NULL);
INSERT INTO "process_form" VALUES(66,37,'1050',NULL,NULL);
INSERT INTO "process_form" VALUES(66,75,'2.5',NULL,NULL);
INSERT INTO "process_form" VALUES(66,76,'2.25',NULL,NULL);
INSERT INTO "process_form" VALUES(66,77,'4',NULL,NULL);
INSERT INTO "process_form" VALUES(66,68,NULL,NULL,NULL);
INSERT INTO "process_form" VALUES(66,69,'1.465',NULL,NULL);
INSERT INTO "process_form" VALUES(66,70,'0',NULL,NULL);
INSERT INTO "process_form" VALUES(67,37,'1050',NULL,NULL);
INSERT INTO "process_form" VALUES(67,78,'6',NULL,NULL);
INSERT INTO "process_form" VALUES(67,79,'2',NULL,NULL);
INSERT INTO "process_form" VALUES(67,80,'60',NULL,NULL);
INSERT INTO "process_form" VALUES(68,37,'1050',NULL,NULL);
INSERT INTO "process_form" VALUES(68,78,'6',NULL,NULL);
INSERT INTO "process_form" VALUES(68,79,'2',NULL,NULL);
INSERT INTO "process_form" VALUES(68,80,'108',NULL,NULL);
INSERT INTO "process_form" VALUES(69,81,'100',NULL,NULL);
INSERT INTO "process_form" VALUES(69,82,'2',NULL,NULL);
INSERT INTO "process_form" VALUES(69,83,'Varies',NULL,NULL);
INSERT INTO "process_form" VALUES(69,84,'49.4',NULL,NULL);
INSERT INTO "process_form" VALUES(69,85,'A',NULL,NULL);
INSERT INTO "process_form" VALUES(69,86,'Round',NULL,NULL);
INSERT INTO "process_form" VALUES(69,87,'187.2',NULL,NULL);
INSERT INTO "process_form" VALUES(69,88,'Disco blade NBC-Z 1070 (10m grit)
',NULL,NULL);
INSERT INTO "process_form" VALUES(70,81,'100',NULL,NULL);
INSERT INTO "process_form" VALUES(70,82,'2',NULL,NULL);
INSERT INTO "process_form" VALUES(70,83,'Varies',NULL,NULL);
INSERT INTO "process_form" VALUES(70,84,'49.4',NULL,NULL);
INSERT INTO "process_form" VALUES(70,85,'A',NULL,NULL);
INSERT INTO "process_form" VALUES(70,86,'Round',NULL,NULL);
INSERT INTO "process_form" VALUES(70,87,'580',NULL,NULL);
INSERT INTO "process_form" VALUES(70,88,'Disco blade P1A850 SDC320R10MB01
',NULL,NULL);
INSERT INTO "process_form" VALUES(72,89,'Al',NULL,NULL);
INSERT INTO "process_form" VALUES(71,109,'25',NULL,NULL);
INSERT INTO "process_form" VALUES(71,90,'2.9',NULL,NULL);
INSERT INTO "process_form" VALUES(71,91,'9.7',NULL,NULL);
INSERT INTO "process_form" VALUES(71,92,'7.1',NULL,NULL);
INSERT INTO "process_form" VALUES(71,93,'1.55',NULL,NULL);
INSERT INTO "process_form" VALUES(71,94,'12.5',NULL,NULL);
INSERT INTO "process_form" VALUES(71,5,'8',NULL,NULL);
INSERT INTO "process_form" VALUES(71,110,'7.5',NULL,NULL);
INSERT INTO "process_form" VALUES(71,95,'7.4',NULL,NULL);
INSERT INTO "process_form" VALUES(71,96,'7.2',NULL,NULL);
INSERT INTO "process_form" VALUES(71,97,'Down',NULL,NULL);
INSERT INTO "process_form" VALUES(71,98,NULL,NULL,NULL);
INSERT INTO "process_form" VALUES(73,89,'Al',NULL,NULL);
INSERT INTO "process_form" VALUES(72,109,'25',NULL,NULL);
INSERT INTO "process_form" VALUES(72,110,'5',NULL,NULL);
INSERT INTO "process_form" VALUES(72,5,'7.8',NULL,NULL);
INSERT INTO "process_form" VALUES(72,90,'2.9',NULL,NULL);
INSERT INTO "process_form" VALUES(72,91,'9.7',NULL,NULL);
INSERT INTO "process_form" VALUES(72,92,'7.1',NULL,NULL);
INSERT INTO "process_form" VALUES(72,93,'1.55',NULL,NULL);
INSERT INTO "process_form" VALUES(72,94,'12.5',NULL,NULL);
INSERT INTO "process_form" VALUES(72,95,'7.4',NULL,NULL);
INSERT INTO "process_form" VALUES(72,96,'7.2',NULL,NULL);
INSERT INTO "process_form" VALUES(72,97,'Down',NULL,NULL);
INSERT INTO "process_form" VALUES(72,98,'6.27',NULL,NULL);
INSERT INTO "process_form" VALUES(71,89,'Al',NULL,NULL);
INSERT INTO "process_form" VALUES(73,109,'25',NULL,NULL);
INSERT INTO "process_form" VALUES(73,110,'3',NULL,NULL);
INSERT INTO "process_form" VALUES(73,5,'7',NULL,NULL);
INSERT INTO "process_form" VALUES(73,90,'2.9',NULL,NULL);
INSERT INTO "process_form" VALUES(73,91,'9.7',NULL,NULL);
INSERT INTO "process_form" VALUES(73,92,'3.1',NULL,NULL);
INSERT INTO "process_form" VALUES(73,93,'1.55',NULL,NULL);
INSERT INTO "process_form" VALUES(73,94,'12.5',NULL,NULL);
INSERT INTO "process_form" VALUES(73,95,'7.4',NULL,NULL);
INSERT INTO "process_form" VALUES(73,96,'7.2',NULL,NULL);
INSERT INTO "process_form" VALUES(73,97,'Down',NULL,NULL);
INSERT INTO "process_form" VALUES(73,98,'5.43',NULL,NULL);
INSERT INTO "process_form" VALUES(74,99,'Anodic',NULL,NULL);
INSERT INTO "process_form" VALUES(75,99,'Eutectic',NULL,NULL);
INSERT INTO "process_form" VALUES(76,99,'Polymer',NULL,NULL);
INSERT INTO "process_form" VALUES(77,99,'Fusion',NULL,NULL);
INSERT INTO "process_form" VALUES(78,112,NULL,NULL,NULL);
INSERT INTO "process_form" VALUES(78,100,'NH4OH:H2O2:H2O',NULL,NULL);
INSERT INTO "process_form" VALUES(78,101,'1:1:5',NULL,NULL);
INSERT INTO "process_form" VALUES(78,37,'75',NULL,NULL);
INSERT INTO "process_form" VALUES(78,110,'10',NULL,NULL);
INSERT INTO "process_form" VALUES(78,102,'1',NULL,NULL);
INSERT INTO "process_form" VALUES(78,100,'HF:H2O',NULL,NULL);
INSERT INTO "process_form" VALUES(78,101,'1:50',NULL,NULL);
INSERT INTO "process_form" VALUES(78,37,'25',NULL,NULL);
INSERT INTO "process_form" VALUES(78,110,'.25',NULL,NULL);
INSERT INTO "process_form" VALUES(78,102,'1',NULL,NULL);
INSERT INTO "process_form" VALUES(78,111,'10',NULL,NULL);
INSERT INTO "process_form" VALUES(78,100,'HCl:H2O2:H2O',NULL,NULL);
INSERT INTO "process_form" VALUES(78,101,'1:1:6',NULL,NULL);
INSERT INTO "process_form" VALUES(78,37,'75',NULL,NULL);
INSERT INTO "process_form" VALUES(78,110,'10',NULL,NULL);
INSERT INTO "process_form" VALUES(78,102,'1',NULL,NULL);
INSERT INTO "process_form" VALUES(79,100,'SO4:H2O2',NULL,NULL);
INSERT INTO "process_form" VALUES(79,101,'3:1',NULL,NULL);
INSERT INTO "process_form" VALUES(80,113,'Acetone',NULL,NULL);
INSERT INTO "process_form" VALUES(81,113,'IPA',NULL,NULL);
INSERT INTO "process_form" VALUES(82,113,'Methanol',NULL,NULL);
INSERT INTO "process_form" VALUES(83,102,'1.5',NULL,NULL);
INSERT INTO "process_form" VALUES(83,103,'2',NULL,NULL);
INSERT INTO "process_form" VALUES(84,13,'O2',NULL,NULL);
INSERT INTO "process_form" VALUES(84,104,'20',NULL,NULL);
INSERT INTO "process_form" VALUES(84,44,'O2',NULL,NULL);
INSERT INTO "process_form" VALUES(84,45,'50',NULL,NULL);
INSERT INTO "process_form" VALUES(84,46,NULL,NULL,NULL);
INSERT INTO "process_form" VALUES(84,47,NULL,NULL,NULL);
INSERT INTO "process_form" VALUES(84,105,NULL,NULL,NULL);
INSERT INTO "process_form" VALUES(84,106,NULL,NULL,NULL);
INSERT INTO "process_form" VALUES(84,5,'200',NULL,NULL);
INSERT INTO "process_form" VALUES(84,107,'190',NULL,NULL);
INSERT INTO "process_form" VALUES(84,12,'1.74',NULL,NULL);
INSERT INTO "process_form" VALUES(88,115,NULL,NULL,NULL);
INSERT INTO "process_form" VALUES(17,114,NULL,NULL,NULL);
INSERT INTO "process_form" VALUES(2,115,NULL,NULL,NULL);
INSERT INTO "process_form" VALUES(18,114,NULL,NULL,NULL);
INSERT INTO "process_form" VALUES(6,114,NULL,NULL,NULL);
INSERT INTO "process_form" VALUES(3,115,NULL,NULL,NULL);
INSERT INTO "process_form" VALUES(4,115,NULL,NULL,NULL);
INSERT INTO "process_form" VALUES(4,114,NULL,NULL,NULL);
INSERT INTO "process_form" VALUES(5,115,NULL,NULL,NULL);
INSERT INTO "process_form" VALUES(5,114,NULL,NULL,NULL);
INSERT INTO "process_form" VALUES(86,115,NULL,NULL,NULL);
INSERT INTO "process_form" VALUES(86,114,NULL,NULL,NULL);
INSERT INTO "process_form" VALUES(87,115,NULL,NULL,NULL);
INSERT INTO "process_form" VALUES(87,114,NULL,NULL,NULL);
INSERT INTO "process_form" VALUES(88,114,NULL,NULL,NULL);
INSERT INTO "process_form" VALUES(3,114,NULL,NULL,NULL);
INSERT INTO "process_form" VALUES(7,114,NULL,NULL,NULL);
INSERT INTO "process_form" VALUES(8,114,NULL,NULL,NULL);
INSERT INTO "process_form" VALUES(9,114,NULL,NULL,NULL);
INSERT INTO "process_form" VALUES(11,114,NULL,NULL,NULL);
INSERT INTO "process_form" VALUES(12,114,NULL,NULL,NULL);
INSERT INTO "process_form" VALUES(13,114,NULL,NULL,NULL);
INSERT INTO "process_form" VALUES(14,114,NULL,NULL,NULL);
INSERT INTO "process_form" VALUES(15,114,'',NULL,NULL);
INSERT INTO "process_form" VALUES(16,114,NULL,NULL,NULL);
INSERT INTO "process_form" VALUES(2,114,NULL,NULL,NULL);
INSERT INTO "process_form" VALUES(19,114,NULL,NULL,NULL);
INSERT INTO "process_form" VALUES(20,114,NULL,NULL,NULL);
INSERT INTO "process_form" VALUES(22,114,NULL,NULL,NULL);
INSERT INTO "process_form" VALUES(21,114,NULL,NULL,NULL);
INSERT INTO "process_form" VALUES(23,114,NULL,NULL,NULL);
INSERT INTO "process_form" VALUES(24,114,NULL,NULL,NULL);
INSERT INTO "process_form" VALUES(25,114,NULL,NULL,NULL);
INSERT INTO "process_form" VALUES(26,114,NULL,NULL,NULL);
INSERT INTO "process_form" VALUES(27,114,NULL,NULL,NULL);
INSERT INTO "process_form" VALUES(28,114,NULL,NULL,NULL);
INSERT INTO "process_form" VALUES(30,114,NULL,NULL,NULL);
INSERT INTO "process_form" VALUES(31,116,NULL,NULL,NULL);
INSERT INTO "process_form" VALUES(32,116,NULL,NULL,NULL);
INSERT INTO "process_form" VALUES(33,116,NULL,NULL,NULL);
INSERT INTO "process_form" VALUES(34,116,NULL,NULL,NULL);
INSERT INTO "process_form" VALUES(35,116,NULL,NULL,NULL);
INSERT INTO "process_form" VALUES(36,116,NULL,NULL,NULL);
INSERT INTO "process_form" VALUES(37,116,NULL,NULL,NULL);
INSERT INTO "process_form" VALUES(38,116,NULL,NULL,NULL);
INSERT INTO "process_form" VALUES(39,116,NULL,NULL,NULL);
INSERT INTO "process_form" VALUES(40,116,NULL,NULL,NULL);
INSERT INTO "process_form" VALUES(41,117,NULL,NULL,NULL);
INSERT INTO "process_form" VALUES(42,117,NULL,NULL,NULL);
INSERT INTO "process_form" VALUES(43,117,NULL,NULL,NULL);
INSERT INTO "process_form" VALUES(44,117,NULL,NULL,NULL);
INSERT INTO "process_form" VALUES(45,117,'',NULL,NULL);
INSERT INTO "process_form" VALUES(46,116,NULL,NULL,NULL);
INSERT INTO "process_form" VALUES(47,116,NULL,NULL,NULL);
INSERT INTO "process_form" VALUES(48,116,NULL,NULL,NULL);
INSERT INTO "process_form" VALUES(49,116,NULL,NULL,NULL);
INSERT INTO "process_form" VALUES(50,116,NULL,NULL,NULL);
INSERT INTO "process_form" VALUES(51,118,NULL,NULL,NULL);
INSERT INTO "process_form" VALUES(51,119,NULL,NULL,NULL);
INSERT INTO "process_form" VALUES(52,118,NULL,NULL,NULL);
INSERT INTO "process_form" VALUES(52,119,NULL,NULL,NULL);
INSERT INTO "process_form" VALUES(53,118,NULL,NULL,NULL);
INSERT INTO "process_form" VALUES(53,119,NULL,NULL,NULL);
INSERT INTO "process_form" VALUES(54,118,NULL,NULL,NULL);
INSERT INTO "process_form" VALUES(54,119,NULL,NULL,NULL);
INSERT INTO "process_form" VALUES(55,119,NULL,NULL,NULL);
INSERT INTO "process_form" VALUES(56,119,NULL,NULL,NULL);
INSERT INTO "process_form" VALUES(57,119,NULL,NULL,NULL);
INSERT INTO "process_form" VALUES(58,119,NULL,NULL,NULL);
INSERT INTO "process_form" VALUES(59,119,NULL,NULL,NULL);
INSERT INTO "process_form" VALUES(61,114,NULL,NULL,NULL);
INSERT INTO "process_form" VALUES(62,114,NULL,NULL,NULL);
INSERT INTO "process_form" VALUES(63,114,NULL,NULL,NULL);
INSERT INTO "process_form" VALUES(64,114,NULL,NULL,NULL);
INSERT INTO "process_form" VALUES(65,120,NULL,NULL,NULL);
INSERT INTO "process_form" VALUES(66,120,NULL,NULL,NULL);
INSERT INTO "process_form" VALUES(67,121,NULL,NULL,NULL);
INSERT INTO "process_form" VALUES(68,121,NULL,NULL,NULL);
INSERT INTO "process_form" VALUES(69,122,NULL,NULL,NULL);
INSERT INTO "process_form" VALUES(69,123,NULL,NULL,NULL);
INSERT INTO "process_form" VALUES(69,124,NULL,NULL,NULL);
INSERT INTO "process_form" VALUES(70,122,NULL,NULL,NULL);
INSERT INTO "process_form" VALUES(70,123,NULL,NULL,NULL);
INSERT INTO "process_form" VALUES(70,124,NULL,NULL,NULL);
INSERT INTO "process_form" VALUES(121,134,'',NULL,NULL);
INSERT INTO "process_form" VALUES(10,114,'',NULL,NULL);
INSERT INTO "process_form" VALUES(121,150,'newtest',10,'newtest 
                        ');
INSERT INTO "process_form" VALUES(121,151,'new',12,'new 
                        ');
INSERT INTO "process_form" VALUES(122,153,'For best results clean the substrate in a piranha wet etch or oxygen plasma RIE.','','');
INSERT INTO "process_form" VALUES(122,154,'Dispense 1ml of resist for each inch of substrate diameter','','');
INSERT INTO "process_form" VALUES(122,155,'Spin at 500 rpm for 5-10 seconds with acceleration of 100 rpm/second then spin at the speed calculated below for 30 seconds with acceleration of 300 rpm/second','','');
INSERT INTO "process_form" VALUES(122,156,'Remove the edge bead','','');
INSERT INTO "process_form" VALUES(122,157,'','','');
INSERT INTO "process_form" VALUES(122,158,'Soft bake at 65 C then 95 C for the amount of time calculated below','','');
INSERT INTO "process_form" VALUES(122,159,'','','');
INSERT INTO "process_form" VALUES(122,160,'Align and expose to UV light for the time calculated below (notes: 1. Non silicon substrates may require a longer exposure time 2. Use of a long pass filter is recommended, if using a long pass filter increase calculated exposure time by 40%)','','');
INSERT INTO "process_form" VALUES(122,161,'Post exposure bake at 65 C then 95 C for the time calculated below','','');
INSERT INTO "process_form" VALUES(122,162,'Develop using SU-8 Developer for the time calculated below','','');
INSERT INTO "process_form" VALUES(122,163,'Information for this process is from the Microchem SU-8 2000 series datasheet: http://www.microchem.com/pdf/SU-82000DataSheet2025thru2075Ver4.pdf','','');
INSERT INTO "process_form" VALUES(198,215,'','','');
INSERT INTO "process_form" VALUES(201,218,'','','');
INSERT INTO "process_form" VALUES(204,221,'','','');
INSERT INTO "process_form" VALUES(207,224,'','','');
INSERT INTO "process_form" VALUES(210,227,'','','');
INSERT INTO "process_form" VALUES(213,230,'','','');
INSERT INTO "process_form" VALUES(216,233,'','','');
INSERT INTO "process_form" VALUES(219,236,'','','');
INSERT INTO "process_form" VALUES(222,239,'','','');
INSERT INTO "process_form" VALUES(225,242,'','','');
INSERT INTO "process_form" VALUES(228,245,'','','');
INSERT INTO "process_form" VALUES(231,248,'','','');
INSERT INTO "process_form" VALUES(234,251,'','','');
INSERT INTO "process_form" VALUES(237,254,'','','');
INSERT INTO "process_form" VALUES(240,257,'','','');
INSERT INTO "process_form" VALUES(243,260,'','','');
CREATE TABLE "history" (
"id"  INTEGER PRIMARY KEY AUTOINCREMENT NOT NULL,
"process_id"  INTEGER NOT NULL,
"date"  TEXT(255) NOT NULL,
"type"  TEXT(255) NOT NULL,
"old_name"  TEXT(255),
"new_name"  TEXT(255),
"old_unit"  TEXT(255),
"new_unit"  TEXT(255),
"old_value"  TEXT(255),
"new_value"  TEXT(255),
"old_confidence"  INTEGER,
"new_confidence"  INTEGER,
"old_data_origin"  TEXT(1024),
"new_data_origin"  TEXT(1024),
"is_input_field"  INTEGER NOT NULL,
"is_process_parameter"  INTEGER NOT NULL,
"is_measured_result"  INTEGER NOT NULL,
"is_equation"  INTEGER NOT NULL
);
INSERT INTO "history" VALUES(7,121,'2012-06-11, 04:13:19','edit','param','param1','','','val2','val2-2',NULL,NULL,NULL,NULL,1,0,0,0);
INSERT INTO "history" VALUES(8,121,'2012-06-11, 04:13:26','delete','param1',NULL,'',NULL,'val2-2',NULL,NULL,NULL,NULL,NULL,1,0,0,0);
INSERT INTO "history" VALUES(9,121,'2012-06-11, 04:13:32','delete','new',NULL,NULL,NULL,'12',NULL,NULL,NULL,NULL,NULL,0,0,0,1);
INSERT INTO "history" VALUES(10,121,'2012-06-11, 04:13:49','add',NULL,'new',NULL,'',NULL,'new',NULL,NULL,NULL,NULL,0,1,0,0);
INSERT INTO "history" VALUES(11,121,'2012-06-11, 04:14:03','add',NULL,'new',NULL,NULL,NULL,'6',NULL,NULL,NULL,NULL,0,0,0,1);
INSERT INTO "history" VALUES(12,121,'2012-06-11, 04:30:28','edit','new2','new3',NULL,NULL,'15-6+5','1',NULL,NULL,NULL,NULL,0,0,0,1);
INSERT INTO "history" VALUES(13,121,'2012-06-11, 04:35:08','edit','new3','new3',NULL,NULL,'1','12',NULL,NULL,NULL,NULL,0,0,0,1);
INSERT INTO "history" VALUES(14,2,'2012-06-11, 05:21:03','add',NULL,'test',NULL,NULL,NULL,' var_id114_Film_Thickness+ var_id14_Pulses_per_Loop__Precursor_1',NULL,NULL,NULL,NULL,0,0,0,1);
INSERT INTO "history" VALUES(15,7,'2012-06-11, 03:52:21','add',NULL,'test',NULL,NULL,NULL,'5',NULL,NULL,NULL,NULL,0,0,0,1);
INSERT INTO "history" VALUES(16,121,'2012-06-11, 03:53:07','add',NULL,'enw',NULL,NULL,NULL,'1',NULL,NULL,NULL,NULL,0,0,0,1);
INSERT INTO "history" VALUES(17,121,'2012-06-11, 03:53:14','delete','enw',NULL,NULL,NULL,'1',NULL,NULL,NULL,NULL,NULL,0,0,0,1);
INSERT INTO "history" VALUES(18,7,'2012-06-11, 03:53:28','delete','test',NULL,NULL,NULL,'5',NULL,NULL,NULL,NULL,NULL,0,0,0,1);
INSERT INTO "history" VALUES(19,6,'2012-06-11, 04:06:10','add',NULL,'Deposition time',NULL,NULL,NULL,' var_id114_Film_Thickness/ var_id10_Sputter_Rate',NULL,NULL,NULL,NULL,0,0,0,1);
INSERT INTO "history" VALUES(20,6,'2012-06-11, 04:10:46','edit','Power','Power','Watts','Watts','50','',NULL,NULL,NULL,NULL,1,0,0,0);
INSERT INTO "history" VALUES(21,6,'2012-06-11, 04:12:15','edit','Deposition time','Deposition time',NULL,NULL,' var_id114_Film_Thickness/ var_id10_Sputter_Rate','( (var_id114_Film_Thickness/ var_id10_Sputter_Rate)* var_id144_Power)/50',NULL,NULL,NULL,NULL,0,0,0,1);
INSERT INTO "history" VALUES(22,7,'2012-06-11, 04:13:18','edit','Power','Power','Watts','Watts','50','',NULL,NULL,NULL,NULL,1,0,0,0);
INSERT INTO "history" VALUES(23,7,'2012-06-11, 04:15:07','add',NULL,'Deposition time',NULL,NULL,NULL,'( var_id144_Power/50)*( var_id114_Film_Thickness/ var_id10_Sputter_Rate)',NULL,NULL,NULL,NULL,0,0,0,1);
INSERT INTO "history" VALUES(24,8,'2012-06-11, 04:21:16','edit','Power','Power','Watts','Watts','50','0',NULL,NULL,NULL,NULL,1,0,0,0);
INSERT INTO "history" VALUES(25,8,'2012-06-11, 04:21:51','add',NULL,'Deposition time',NULL,NULL,NULL,'( var_id144_Power/50)*( var_id114_Film_Thickness/ var_id10_Sputter_Rate)',NULL,NULL,NULL,NULL,0,0,0,1);
INSERT INTO "history" VALUES(26,9,'2012-06-11, 04:22:38','edit','Power','Power','Watts','Watts','50','',NULL,NULL,NULL,NULL,1,0,0,0);
INSERT INTO "history" VALUES(27,9,'2012-06-11, 04:22:55','add',NULL,'Deposition time',NULL,NULL,NULL,'( var_id144_Power/50)*( var_id114_Film_Thickness/ var_id10_Sputter_Rate)',NULL,NULL,NULL,NULL,0,0,0,1);
INSERT INTO "history" VALUES(28,10,'2012-06-11, 04:23:56','add',NULL,'Film Thickness',NULL,'nm',NULL,'',NULL,NULL,NULL,NULL,1,0,0,0);
INSERT INTO "history" VALUES(29,10,'2012-06-11, 04:24:28','add',NULL,'Film thickness',NULL,'nm',NULL,'',NULL,NULL,NULL,NULL,1,0,0,0);
INSERT INTO "history" VALUES(30,10,'2012-06-11, 04:24:52','delete','Film thickness',NULL,'nm',NULL,'',NULL,NULL,NULL,NULL,NULL,1,0,0,0);
INSERT INTO "history" VALUES(31,10,'2012-06-11, 04:25:11','add',NULL,'Film Thickness',NULL,'nm',NULL,'',NULL,NULL,NULL,NULL,1,0,0,0);
INSERT INTO "history" VALUES(32,10,'2012-06-11, 04:25:43','add',NULL,'Film Thickness',NULL,'nm',NULL,'',NULL,NULL,NULL,NULL,0,1,0,0);
INSERT INTO "history" VALUES(33,10,'2012-06-11, 04:25:55','edit','Film Thickness','Film Thickness','nm','nm','','',NULL,NULL,NULL,NULL,1,0,0,0);
INSERT INTO "history" VALUES(34,10,'2012-06-11, 04:26:12','edit','Power','Power','Watts','Watts','50','',NULL,NULL,NULL,NULL,1,0,0,0);
INSERT INTO "history" VALUES(35,10,'2012-06-11, 04:26:29','add',NULL,'Deposition time',NULL,NULL,NULL,'( var_id144_Power/50)*( var_id114_Film_Thickness/ var_id10_Sputter_Rate)',NULL,NULL,NULL,NULL,0,0,0,1);
INSERT INTO "history" VALUES(36,1,'2012-06-11, 04:32:16','add',NULL,'test',NULL,NULL,NULL,'5',NULL,NULL,NULL,NULL,0,0,0,1);
INSERT INTO "history" VALUES(37,11,'2012-06-12, 08:45:54','edit','Power','Power','Watts','Watts','50','',NULL,NULL,NULL,NULL,1,0,0,0);
INSERT INTO "history" VALUES(38,11,'2012-06-12, 08:46:12','add',NULL,'Deposition time',NULL,NULL,NULL,'( var_id144_Power/50)*( var_id114_Film_Thickness/ var_id10_Sputter_Rate)',NULL,NULL,NULL,NULL,0,0,0,1);
INSERT INTO "history" VALUES(39,12,'2012-06-12, 08:48:23','edit','Power','Power','Watts','Watts','50','',NULL,NULL,NULL,NULL,1,0,0,0);
INSERT INTO "history" VALUES(40,12,'2012-06-12, 08:48:58','add',NULL,'Deposition time',NULL,NULL,NULL,'( var_id144_Power/50)*( var_id114_Film_Thickness/ var_id10_Sputter_Rate)',NULL,NULL,NULL,NULL,0,0,0,1);
INSERT INTO "history" VALUES(41,13,'2012-06-12, 08:50:03','edit','Power','Power','Watts','Watts','50','',NULL,NULL,NULL,NULL,1,0,0,0);
INSERT INTO "history" VALUES(42,13,'2012-06-12, 08:50:18','add',NULL,'Deposition time',NULL,NULL,NULL,'( var_id144_Power/50)*( var_id114_Film_Thickness/ var_id10_Sputter_Rate)',NULL,NULL,NULL,NULL,0,0,0,1);
INSERT INTO "history" VALUES(43,14,'2012-06-12, 08:53:26','edit','Power','Power','Watts','Watts','50','',NULL,NULL,NULL,NULL,1,0,0,0);
INSERT INTO "history" VALUES(44,14,'2012-06-12, 08:53:41','add',NULL,'Deposition time',NULL,NULL,NULL,'( var_id144_Power/50)*( var_id114_Film_Thickness/ var_id10_Sputter_Rate)',NULL,NULL,NULL,NULL,0,0,0,1);
INSERT INTO "history" VALUES(45,15,'2012-06-12, 08:54:26','edit','Power','Power','Watts','Watts','','',NULL,NULL,NULL,NULL,1,0,0,0);
INSERT INTO "history" VALUES(46,15,'2012-06-12, 08:54:46','add',NULL,'Deposition time',NULL,NULL,NULL,'( var_id144_Power/50)*( var_id114_Film_Thickness/ var_id10_Sputter_Rate)',NULL,NULL,NULL,NULL,0,0,0,1);
INSERT INTO "history" VALUES(47,7,'2012-06-12, 09:04:01','edit','Deposition time','Deposition time',NULL,NULL,'( var_id144_Power/50)*( var_id114_Film_Thickness/ var_id10_Sputter_Rate)','( var_id144_Power/50) * ( var_id114_Film_Thickness/ var_id10_Sputter_Rate)',NULL,NULL,NULL,NULL,0,0,0,1);
INSERT INTO "history" VALUES(48,16,'2012-06-12, 10:59:07','edit','Power','Power','Watts','Watts','50','',NULL,NULL,NULL,NULL,1,0,0,0);
INSERT INTO "history" VALUES(49,16,'2012-06-12, 10:59:21','add',NULL,'Deposition time',NULL,NULL,NULL,'( var_id144_Power/50)*( var_id114_Film_Thickness/ var_id10_Sputter_Rate)',NULL,NULL,NULL,NULL,0,0,0,1);
INSERT INTO "history" VALUES(50,17,'2012-06-12, 11:00:03','edit','Power','Power','Watts','Watts','50','',NULL,NULL,NULL,NULL,1,0,0,0);
INSERT INTO "history" VALUES(51,17,'2012-06-12, 11:00:16','add',NULL,'Deposition time',NULL,NULL,NULL,'( var_id144_Power/50)*( var_id114_Film_Thickness/ var_id10_Sputter_Rate)',NULL,NULL,NULL,NULL,0,0,0,1);
INSERT INTO "history" VALUES(52,18,'2012-06-12, 11:00:52','edit','Power','Power','Watts','Watts','50','',NULL,NULL,NULL,NULL,1,0,0,0);
INSERT INTO "history" VALUES(53,18,'2012-06-12, 11:01:05','add',NULL,'Deposition time',NULL,NULL,NULL,'( var_id144_Power/50)*( var_id114_Film_Thickness/ var_id10_Sputter_Rate)',NULL,NULL,NULL,NULL,0,0,0,1);
INSERT INTO "history" VALUES(54,19,'2012-06-12, 11:01:37','edit','Power','Power','Watts','Watts','50','',NULL,NULL,NULL,NULL,1,0,0,0);
INSERT INTO "history" VALUES(55,19,'2012-06-12, 11:02:03','add',NULL,'Deposition time',NULL,NULL,NULL,'( var_id144_Power/50)*( var_id114_Film_Thickness/ var_id10_Sputter_Rate)',NULL,NULL,NULL,NULL,0,0,0,1);
INSERT INTO "history" VALUES(56,20,'2012-06-12, 11:02:34','edit','Power','Power','Watts','Watts','50','',NULL,NULL,NULL,NULL,1,0,0,0);
INSERT INTO "history" VALUES(57,20,'2012-06-12, 11:02:53','add',NULL,'Deposition time',NULL,NULL,NULL,'( var_id144_Power/50)*( var_id114_Film_Thickness/ var_id10_Sputter_Rate)',NULL,NULL,NULL,NULL,0,0,0,1);
INSERT INTO "history" VALUES(58,2,'2012-06-12, 11:04:37','delete','test',NULL,NULL,NULL,' var_id114_Film_Thickness+ var_id14_Pulses_per_Loop__Precursor_1',NULL,NULL,NULL,NULL,NULL,0,0,0,1);
INSERT INTO "history" VALUES(59,2,'2012-06-12, 11:06:25','add',NULL,'# of Loops',NULL,NULL,NULL,' var_id114_Film_Thickness/0.138',NULL,NULL,NULL,NULL,0,0,0,1);
INSERT INTO "history" VALUES(60,2,'2012-06-12, 11:09:08','add',NULL,'Estimated Refractive Index',NULL,NULL,NULL,' var_id17_Cauchy_Optical_Property_A+ var_id115_Wavelength/( var_id18_Cauchy_Optical_Property_B^2)+ var_id115_Wavelength/( var_id19_Cauchy_Optical_Property_C^4)',NULL,NULL,NULL,NULL,0,0,0,1);
INSERT INTO "history" VALUES(61,2,'2012-06-12, 11:15:12','edit','# of Loops','# of Loops',NULL,NULL,' var_id114_Film_Thickness/0.138',' var_id114_Film_Thickness/0.144',NULL,NULL,NULL,NULL,0,0,0,1);
INSERT INTO "history" VALUES(62,2,'2012-06-12, 11:16:34','edit','# of Loops','# of Loops',NULL,NULL,' var_id114_Film_Thickness/0.144',' var_id114_Film_Thickness/0.136',NULL,NULL,NULL,NULL,0,0,0,1);
INSERT INTO "history" VALUES(63,3,'2012-06-12, 11:18:12','add',NULL,'# of Loops',NULL,NULL,NULL,' var_id114_Film_Thickness/0.177',NULL,NULL,NULL,NULL,0,0,0,1);
INSERT INTO "history" VALUES(64,3,'2012-06-12, 11:18:45','add',NULL,'Estimated Refractive Index',NULL,NULL,NULL,' var_id17_Cauchy_Optical_Property_A+ var_id115_Wavelength/( var_id18_Cauchy_Optical_Property_B^2)+ var_id115_Wavelength/( var_id19_Cauchy_Optical_Property_C^4)',NULL,NULL,NULL,NULL,0,0,0,1);
INSERT INTO "history" VALUES(65,4,'2012-06-12, 11:20:12','add',NULL,'# of Loops',NULL,NULL,NULL,' var_id114_Film_Thickness/0.045',NULL,NULL,NULL,NULL,0,0,0,1);
INSERT INTO "history" VALUES(66,4,'2012-06-12, 11:20:47','add',NULL,'Estimated Refractive Index',NULL,NULL,NULL,' var_id17_Cauchy_Optical_Property_A+ var_id115_Wavelength/( var_id18_Cauchy_Optical_Property_B^2)+ var_id115_Wavelength/( var_id19_Cauchy_Optical_Property_C^4)',NULL,NULL,NULL,NULL,0,0,0,1);
INSERT INTO "history" VALUES(67,86,'2012-06-12, 11:26:58','add',NULL,'# of Loops',NULL,NULL,NULL,' var_id114_Film_Thickness/0.138',NULL,NULL,NULL,NULL,0,0,0,1);
INSERT INTO "history" VALUES(68,86,'2012-06-12, 11:27:31','add',NULL,'Estimated Refractive Index',NULL,NULL,NULL,' var_id17_Cauchy_Optical_Property_A+ var_id115_Wavelength/( var_id18_Cauchy_Optical_Property_B^2)+ var_id115_Wavelength/( var_id19_Cauchy_Optical_Property_C^4)',NULL,NULL,NULL,NULL,0,0,0,1);
INSERT INTO "history" VALUES(69,87,'2012-06-12, 11:29:01','add',NULL,'# of Loops',NULL,NULL,NULL,' var_id114_Film_Thickness/0.144',NULL,NULL,NULL,NULL,0,0,0,1);
INSERT INTO "history" VALUES(70,87,'2012-06-12, 11:29:20','add',NULL,'Estimated Refractive Index',NULL,NULL,NULL,' var_id17_Cauchy_Optical_Property_A+ var_id115_Wavelength/( var_id18_Cauchy_Optical_Property_B^2)+ var_id115_Wavelength/( var_id19_Cauchy_Optical_Property_C^4)',NULL,NULL,NULL,NULL,0,0,0,1);
INSERT INTO "history" VALUES(71,88,'2012-06-12, 11:31:07','add',NULL,'# of Loops',NULL,NULL,NULL,' var_id114_Film_Thickness/0.214',NULL,NULL,NULL,NULL,0,0,0,1);
INSERT INTO "history" VALUES(72,88,'2012-06-12, 11:31:18','add',NULL,'Estimated Refractive Index',NULL,NULL,NULL,' var_id17_Cauchy_Optical_Property_A+ var_id115_Wavelength/( var_id18_Cauchy_Optical_Property_B^2)+ var_id115_Wavelength/( var_id19_Cauchy_Optical_Property_C^4)',NULL,NULL,NULL,NULL,0,0,0,1);
INSERT INTO "history" VALUES(73,21,'2012-06-12, 11:33:00','add',NULL,'Deposition time',NULL,NULL,NULL,' var_id114_Film_Thickness/ var_id24_Deposition_Rate',NULL,NULL,NULL,NULL,0,0,0,1);
INSERT INTO "history" VALUES(74,22,'2012-06-12, 11:34:00','add',NULL,'Deposition time',NULL,NULL,NULL,' var_id114_Film_Thickness/ var_id24_Deposition_Rate',NULL,NULL,NULL,NULL,0,0,0,1);
INSERT INTO "history" VALUES(75,23,'2012-06-12, 11:34:33','add',NULL,'Deposition time',NULL,NULL,NULL,' var_id114_Film_Thickness/ var_id24_Deposition_Rate',NULL,NULL,NULL,NULL,0,0,0,1);
INSERT INTO "history" VALUES(76,24,'2012-06-12, 11:35:50','add',NULL,'Deposition time',NULL,NULL,NULL,' var_id114_Film_Thickness/ var_id24_Deposition_Rate',NULL,NULL,NULL,NULL,0,0,0,1);
INSERT INTO "history" VALUES(77,25,'2012-06-12, 11:36:33','add',NULL,'Deposition time',NULL,NULL,NULL,' var_id114_Film_Thickness/ var_id24_Deposition_Rate',NULL,NULL,NULL,NULL,0,0,0,1);
INSERT INTO "history" VALUES(78,26,'2012-06-12, 11:37:03','add',NULL,'Deposition time',NULL,NULL,NULL,' var_id114_Film_Thickness/ var_id24_Deposition_Rate',NULL,NULL,NULL,NULL,0,0,0,1);
INSERT INTO "history" VALUES(79,27,'2012-06-12, 11:37:37','add',NULL,'Deposition time',NULL,NULL,NULL,' var_id114_Film_Thickness/ var_id24_Deposition_Rate',NULL,NULL,NULL,NULL,0,0,0,1);
INSERT INTO "history" VALUES(80,28,'2012-06-12, 11:38:07','add',NULL,'Deposition time',NULL,NULL,NULL,' var_id114_Film_Thickness/ var_id24_Deposition_Rate',NULL,NULL,NULL,NULL,0,0,0,1);
INSERT INTO "history" VALUES(81,30,'2012-06-12, 11:40:47','add',NULL,'Amount of Dimer',NULL,NULL,NULL,' var_id114_Film_Thickness/ var_id43_Deposition_Ratio',NULL,NULL,NULL,NULL,0,0,0,1);
INSERT INTO "history" VALUES(82,31,'2012-06-12, 11:57:35','add',NULL,'Etch Time',NULL,NULL,NULL,' var_id116_Etch_Depth/ var_id107_Etch_Rate',NULL,NULL,NULL,NULL,0,0,0,1);
INSERT INTO "history" VALUES(83,32,'2012-06-12, 12:14:09','add',NULL,'Etch Time',NULL,NULL,NULL,' var_id116_Etch_Depth/ var_id107_Etch_Rate',NULL,NULL,NULL,NULL,0,0,0,1);
INSERT INTO "history" VALUES(84,33,'2012-06-12, 12:14:42','add',NULL,'Etch Time',NULL,NULL,NULL,' var_id116_Etch_Depth/ var_id107_Etch_Rate',NULL,NULL,NULL,NULL,0,0,0,1);
INSERT INTO "history" VALUES(85,34,'2012-06-12, 12:15:15','add',NULL,'Etch Time',NULL,NULL,NULL,' var_id116_Etch_Depth/ var_id107_Etch_Rate',NULL,NULL,NULL,NULL,0,0,0,1);
INSERT INTO "history" VALUES(86,35,'2012-06-12, 12:16:48','add',NULL,'Etch Time',NULL,NULL,NULL,' var_id116_Etch_Depth/ var_id107_Etch_Rate',NULL,NULL,NULL,NULL,0,0,0,1);
INSERT INTO "history" VALUES(87,36,'2012-06-12, 12:17:38','add',NULL,'Etch Time',NULL,NULL,NULL,' var_id116_Etch_Depth/ var_id107_Etch_Rate',NULL,NULL,NULL,NULL,0,0,0,1);
INSERT INTO "history" VALUES(88,37,'2012-06-12, 12:19:37','add',NULL,'Etch Time',NULL,NULL,NULL,' var_id116_Etch_Depth/ var_id107_Etch_Rate',NULL,NULL,NULL,NULL,0,0,0,1);
INSERT INTO "history" VALUES(89,38,'2012-06-12, 12:20:06','add',NULL,'Etch Time',NULL,NULL,NULL,' var_id116_Etch_Depth/ var_id107_Etch_Rate',NULL,NULL,NULL,NULL,0,0,0,1);
INSERT INTO "history" VALUES(90,39,'2012-06-12, 12:20:44','add',NULL,'Etch Time',NULL,NULL,NULL,' var_id116_Etch_Depth/ var_id107_Etch_Rate',NULL,NULL,NULL,NULL,0,0,0,1);
INSERT INTO "history" VALUES(91,40,'2012-06-12, 12:21:19','add',NULL,'Etch Time',NULL,NULL,NULL,' var_id116_Etch_Depth/ var_id107_Etch_Rate',NULL,NULL,NULL,NULL,0,0,0,1);
INSERT INTO "history" VALUES(92,41,'2012-06-12, 12:24:15','add',NULL,'Etch Time',NULL,NULL,NULL,' var_id116_Etch_Depth/ var_id107_Etch_Rate',NULL,NULL,NULL,NULL,0,0,0,1);
INSERT INTO "history" VALUES(93,42,'2012-06-12, 12:27:28','add',NULL,'Etch Time',NULL,NULL,NULL,' var_id117_Etch_Depth/ var_id51_Etch_Rate',NULL,NULL,NULL,NULL,0,0,0,1);
INSERT INTO "history" VALUES(94,41,'2012-06-12, 12:28:05','edit','Etch Time','Etch Time',NULL,NULL,' var_id116_Etch_Depth/ var_id107_Etch_Rate',' var_id117_Etch_Depth/ var_id51_Etch_Rate',NULL,NULL,NULL,NULL,0,0,0,1);
INSERT INTO "history" VALUES(95,43,'2012-06-12, 12:28:48','add',NULL,'Etch Time',NULL,NULL,NULL,' var_id117_Etch_Depth/ var_id51_Etch_Rate',NULL,NULL,NULL,NULL,0,0,0,1);
INSERT INTO "history" VALUES(96,44,'2012-06-12, 12:29:38','add',NULL,'Etch Time',NULL,NULL,NULL,' var_id117_Etch_Depth/ var_id51_Etch_Rate',NULL,NULL,NULL,NULL,0,0,0,1);
INSERT INTO "history" VALUES(97,45,'2012-06-12, 12:30:15','add',NULL,'Etch Time',NULL,NULL,NULL,' var_id117_Etch_Depth/ var_id51_Etch_Rate',NULL,NULL,NULL,NULL,0,0,0,1);
INSERT INTO "history" VALUES(98,46,'2012-06-12, 12:31:46','add',NULL,'Etch Time',NULL,NULL,NULL,' var_id116_Etch_Depth/ var_id54_Etch_Rate',NULL,NULL,NULL,NULL,0,0,0,1);
INSERT INTO "history" VALUES(99,47,'2012-06-12, 12:32:17','add',NULL,'Etch Time',NULL,NULL,NULL,' var_id116_Etch_Depth/ var_id54_Etch_Rate',NULL,NULL,NULL,NULL,0,0,0,1);
INSERT INTO "history" VALUES(100,48,'2012-06-12, 01:16:27','add',NULL,'Etch Time',NULL,NULL,NULL,' var_id116_Etch_Depth/ var_id107_Etch_Rate',NULL,NULL,NULL,NULL,0,0,0,1);
INSERT INTO "history" VALUES(101,48,'2012-06-12, 01:16:57','edit','Etch Time','Etch Time',NULL,NULL,' var_id116_Etch_Depth/ var_id107_Etch_Rate',' var_id116_Etch_Depth/ var_id54_Etch_Rate',NULL,NULL,NULL,NULL,0,0,0,1);
INSERT INTO "history" VALUES(102,49,'2012-06-12, 01:17:48','add',NULL,'Etch Time',NULL,NULL,NULL,' var_id116_Etch_Depth/ var_id54_Etch_Rate',NULL,NULL,NULL,NULL,0,0,0,1);
INSERT INTO "history" VALUES(103,50,'2012-06-12, 01:18:31','add',NULL,'Etch Time',NULL,NULL,NULL,' var_id116_Etch_Depth/ var_id54_Etch_Rate',NULL,NULL,NULL,NULL,0,0,0,1);
INSERT INTO "history" VALUES(104,61,'2012-06-12, 01:20:39','add',NULL,'Deposition time',NULL,NULL,NULL,' var_id114_Film_Thickness/ var_id24_Deposition_Rate',NULL,NULL,NULL,NULL,0,0,0,1);
INSERT INTO "history" VALUES(105,62,'2012-06-12, 01:21:48','add',NULL,'Deposition time',NULL,NULL,NULL,' var_id114_Film_Thickness/ var_id24_Deposition_Rate',NULL,NULL,NULL,NULL,0,0,0,1);
INSERT INTO "history" VALUES(106,63,'2012-06-12, 01:22:46','add',NULL,'Deposition time',NULL,NULL,NULL,' var_id114_Film_Thickness/ var_id24_Deposition_Rate',NULL,NULL,NULL,NULL,0,0,0,1);
INSERT INTO "history" VALUES(107,64,'2012-06-12, 01:23:49','add',NULL,'Run time',NULL,NULL,NULL,' var_id114_Film_Thickness/ var_id24_Deposition_Rate',NULL,NULL,NULL,NULL,0,0,0,1);
INSERT INTO "history" VALUES(108,65,'2012-06-12, 01:27:03','add',NULL,'Run time',NULL,NULL,NULL,' 0.00006*(var_id120_Film_Thickness)^2+0.1355* var_id120_Film_Thickness-1.3525',NULL,NULL,NULL,NULL,0,0,0,1);
INSERT INTO "history" VALUES(109,66,'2012-06-12, 01:28:56','add',NULL,'Run Time',NULL,NULL,NULL,'0.000001*( var_id120_Film_Thickness)^2+0.004* var_id120_Film_Thickness-0.0419',NULL,NULL,NULL,NULL,0,0,0,1);
INSERT INTO "history" VALUES(110,67,'2012-06-12, 01:32:43','add',NULL,'Diffusion Time',NULL,NULL,NULL,'0.0007* var_id121_Sheet_Resistance^2-0.1371* var_id121_Sheet_Resistance+12.625',NULL,NULL,NULL,NULL,0,0,0,1);
INSERT INTO "history" VALUES(111,51,'2012-06-12, 01:35:41','add',NULL,'Exposure Time',NULL,NULL,NULL,' var_id55_Exposure_Dose/ var_id118_UV_Light_Intensity',NULL,NULL,NULL,NULL,0,0,0,1);
INSERT INTO "history" VALUES(112,52,'2012-06-12, 01:37:00','add',NULL,'Exposure Time',NULL,NULL,NULL,' var_id55_Exposure_Dose/ var_id118_UV_Light_Intensity',NULL,NULL,NULL,NULL,0,0,0,1);
INSERT INTO "history" VALUES(113,53,'2012-06-12, 01:38:09','add',NULL,'Exposure Time',NULL,NULL,NULL,' var_id55_Exposure_Dose/ var_id118_UV_Light_Intensity',NULL,NULL,NULL,NULL,0,0,0,1);
INSERT INTO "history" VALUES(114,54,'2012-06-12, 01:38:49','add',NULL,'Exposure Time',NULL,NULL,NULL,' var_id55_Exposure_Dose/ var_id118_UV_Light_Intensity',NULL,NULL,NULL,NULL,0,0,0,1);
INSERT INTO "history" VALUES(115,55,'2012-06-12, 01:42:21','add',NULL,'Spin Speed',NULL,NULL,NULL,'16298* (var_id119_Film_Thickness)^(-2.52)',NULL,NULL,NULL,NULL,0,0,0,1);
INSERT INTO "history" VALUES(116,56,'2012-06-12, 01:43:52','add',NULL,'Spin Speed',NULL,NULL,NULL,'3175.6+ var_id119_Film_Thickness^(-1.939)',NULL,NULL,NULL,NULL,0,0,0,1);
INSERT INTO "history" VALUES(117,56,'2012-06-12, 01:44:13','edit','Spin Speed','Spin Speed',NULL,NULL,'3175.6+ var_id119_Film_Thickness^(-1.939)','3175.6* var_id119_Film_Thickness^(-1.939)',NULL,NULL,NULL,NULL,0,0,0,1);
INSERT INTO "history" VALUES(118,57,'2012-06-12, 01:45:16','add',NULL,'Spin Speed',NULL,NULL,NULL,'86175* var_id119_Film_Thickness^(-1.624)',NULL,NULL,NULL,NULL,0,0,0,1);
INSERT INTO "history" VALUES(119,59,'2012-06-12, 01:47:49','add',NULL,'Spin Speed',NULL,NULL,NULL,'11667* var_id119_Film_Thickness^(-2.062)',NULL,NULL,NULL,NULL,0,0,0,1);
INSERT INTO "history" VALUES(120,69,'2012-06-12, 01:51:36','add',NULL,'Blade Height',NULL,NULL,NULL,' var_id123_Tape_Thickness+ var_id124_Wafer_Thickness- var_id122_Cut_Depth',NULL,NULL,NULL,NULL,0,0,0,1);
INSERT INTO "history" VALUES(121,69,'2012-06-12, 01:52:07','add',NULL,'Feed Speed',NULL,NULL,NULL,'6/ var_id122_Cut_Depth',NULL,NULL,NULL,NULL,0,0,0,1);
INSERT INTO "history" VALUES(122,70,'2012-06-12, 01:52:58','add',NULL,'Blade Height',NULL,NULL,NULL,' var_id123_Tape_Thickness+ var_id124_Wafer_Thickness- var_id122_Cut_Depth',NULL,NULL,NULL,NULL,0,0,0,1);
INSERT INTO "history" VALUES(123,70,'2012-06-12, 01:53:27','add',NULL,'Feed Speed',NULL,NULL,NULL,'2/ var_id122_Cut_Depth',NULL,NULL,NULL,NULL,0,0,0,1);
INSERT INTO "history" VALUES(124,3,'2012-06-13, 11:18:34','edit','Cauchy Optical Property A','Cauchy Optical Property A','','','','5',NULL,NULL,NULL,NULL,0,0,1,0);
INSERT INTO "history" VALUES(125,3,'2012-06-13, 11:18:46','edit','Cauchy Optical Property B','Cauchy Optical Property B','','','','5',NULL,NULL,NULL,NULL,0,0,1,0);
INSERT INTO "history" VALUES(126,3,'2012-06-13, 11:18:52','edit','Cauchy Optical Property C','Cauchy Optical Property C','','','','5',NULL,NULL,NULL,NULL,0,0,1,0);
INSERT INTO "history" VALUES(127,2,'2012-06-13, 12:04:54','edit','Cauchy Optical Property A','Cauchy Optical Property A','','','','5',NULL,NULL,NULL,NULL,0,0,1,0);
INSERT INTO "history" VALUES(128,2,'2012-06-13, 12:05:06','edit','Cauchy Optical Property B','Cauchy Optical Property B','','','','5',NULL,NULL,NULL,NULL,0,0,1,0);
INSERT INTO "history" VALUES(129,2,'2012-06-13, 12:05:12','edit','Cauchy Optical Property C','Cauchy Optical Property C','','','','5',NULL,NULL,NULL,NULL,0,0,1,0);
INSERT INTO "history" VALUES(130,121,'2012-06-14, 08:22:28','add',NULL,'new',NULL,'',NULL,'new',NULL,NULL,NULL,NULL,0,0,1,0);
INSERT INTO "history" VALUES(131,121,'2012-06-14, 08:24:24','edit','new','new','','','new','new',NULL,NULL,NULL,NULL,0,0,1,0);
INSERT INTO "history" VALUES(132,121,'2012-06-14, 09:21:47','delete','new',NULL,'',NULL,'new',NULL,10,NULL,'test 
                        ',NULL,0,0,1,0);
INSERT INTO "history" VALUES(133,121,'2012-06-14, 09:25:50','add',NULL,'new1',NULL,'',NULL,'new1',NULL,19,NULL,'new1 
                        ',0,0,1,0);
INSERT INTO "history" VALUES(134,121,'2012-06-14, 09:26:31','edit','new1','new1','','','new1','new1',19,'19-1','new1 
                        ','new2
                         
                        ',0,0,1,0);
INSERT INTO "history" VALUES(135,121,'2012-06-14, 09:26:45','delete','new1',NULL,'',NULL,'new1',NULL,'19-1',NULL,'new2
                         
                        ',NULL,0,0,1,0);
INSERT INTO "history" VALUES(136,7,'2012-06-20, 05:00:06','edit','Base Pressure','Base Pressure','Torr','Torr','1x10^-6','.000001','','','','',0,1,0,0);
INSERT INTO "history" VALUES(137,7,'2012-06-20, 05:01:16','edit','Literature Bulk Resistivity','Literature Bulk Resistivity','uOhm-cm','uOhm-cm','12.5','12.5','',5,'','bla',0,0,1,0);
INSERT INTO "history" VALUES(138,7,'2012-06-20, 05:01:27','edit','Literature Bulk Resistivity','Literature Bulk Resistivity','uOhm-cm','uOhm-cm','12.5','12.5',5,'','bla','
                        ',0,0,1,0);
INSERT INTO "history" VALUES(139,122,'2012-06-22, 09:19:38','add',NULL,'Step 01',NULL,'',NULL,'For best results clean the substrate in a piranha wet etch or oxygen plasma RIE.',NULL,'',NULL,'',0,1,0,0);
INSERT INTO "history" VALUES(140,122,'2012-06-22, 09:20:51','add',NULL,'Step 02',NULL,'',NULL,'Dispense 1ml of resist for each inch of substrate diameter',NULL,'',NULL,'',0,1,0,0);
INSERT INTO "history" VALUES(141,122,'2012-06-22, 09:22:03','add',NULL,'Step 03',NULL,'',NULL,'Spin at 500 rpm for 5-10 seconds with acceleration of 100 rpm/second then at 2000 rpm for 30 seconds with acceleration of 300 rpm/second',NULL,'',NULL,'',0,1,0,0);
INSERT INTO "history" VALUES(142,122,'2012-06-22, 09:23:03','add',NULL,'Step 04',NULL,'',NULL,'Remove the edge bead',NULL,'',NULL,'',0,1,0,0);
INSERT INTO "history" VALUES(143,122,'2012-06-22, 09:24:06','add',NULL,'Thickness',NULL,'um',NULL,'',NULL,'',NULL,'',1,0,0,0);
INSERT INTO "history" VALUES(144,122,'2012-06-22, 09:38:26','edit','Step 03','Step 03','','','Spin at 500 rpm for 5-10 seconds with acceleration of 100 rpm/second then at 2000 rpm for 30 seconds with acceleration of 300 rpm/second','Spin at 500 rpm for 5-10 seconds with acceleration of 100 rpm/second then spin at the speed calculated below for 30 seconds with acceleration of 300 rpm/second','','','','',0,1,0,0);
INSERT INTO "history" VALUES(145,122,'2012-06-22, 09:40:03','add',NULL,'Step 05',NULL,'',NULL,'Soft bake at 65 C then 95 C for the amount of time calculated below',NULL,'',NULL,'',0,1,0,0);
INSERT INTO "history" VALUES(146,122,'2012-06-22, 09:49:26','add',NULL,'Light intensity',NULL,'mW/cm^2',NULL,'',NULL,'',NULL,'',1,0,0,0);
INSERT INTO "history" VALUES(147,122,'2012-06-22, 09:52:13','add',NULL,'Step 06',NULL,'',NULL,'Align and expose to UV light for the time calculated below',NULL,'',NULL,'',0,1,0,0);
INSERT INTO "history" VALUES(148,122,'2012-06-22, 09:55:45','edit','Step 06','Step 06','','','Align and expose to UV light for the time calculated below','Align and expose to UV light for the time calculated below (note: non silicon substrates may require a longer exposure time)','','','','',0,1,0,0);
INSERT INTO "history" VALUES(149,122,'2012-06-22, 10:54:03','add',NULL,'Step 07',NULL,'',NULL,'Post exposure bake at 65 C then 95 C for the time calculated below',NULL,'',NULL,'',0,1,0,0);
INSERT INTO "history" VALUES(150,122,'2012-06-22, 10:57:18','add',NULL,'Step 08',NULL,'',NULL,'Develop using SU-8 Developer for the time calculated below',NULL,'',NULL,'',0,1,0,0);
INSERT INTO "history" VALUES(151,122,'2012-06-22, 11:03:45','edit','Step 06','Step 06','','','Align and expose to UV light for the time calculated below (note: non silicon substrates may require a longer exposure time)','Align and expose to UV light for the time calculated below (notes: 1)non silicon substrates may require a longer exposure time 2) use of a long pass filter is recommended, if using a long pass filter increase calculated exposure time by 40%)','','','','',0,1,0,0);
INSERT INTO "history" VALUES(152,122,'2012-06-22, 11:05:20','edit','Step 06','Step 06','','','Align and expose to UV light for the time calculated below (notes: 1)non silicon substrates may require a longer exposure time 2) use of a long pass filter is recommended, if using a long pass filter increase calculated exposure time by 40%)','Align and expose to UV light for the time calculated below (notes: 1. Non silicon substrates may require a longer exposure time 2. Use of a long pass filter is recommended, if using a long pass filter increase calculated exposure time by 40%)','','','','',0,1,0,0);
INSERT INTO "history" VALUES(153,122,'2012-06-22, 11:08:45','add',NULL,'Spin Speed',NULL,'rpm',NULL,'90137*var_id157_Thickness^(-1.025  )',NULL,NULL,NULL,NULL,0,0,0,1);
INSERT INTO "history" VALUES(154,122,'2012-06-22, 11:11:30','add',NULL,'Soft Bake 65 C time',NULL,'min',NULL,'-0.0002*var_id157_Thickness^2 + 0.0812*var_id157_Thickness - 1.7192  ',NULL,NULL,NULL,NULL,0,0,0,1);
INSERT INTO "history" VALUES(155,122,'2012-06-22, 11:12:59','add',NULL,'Soft Bake 95 C time',NULL,'min',NULL,' 0.2137*var_id157_Thickness - 3.9685 ',NULL,NULL,NULL,NULL,0,0,0,1);
INSERT INTO "history" VALUES(156,122,'2012-06-22, 11:18:56','add',NULL,'Exposure Time',NULL,'sec',NULL,' -5*10^(-5)*var_id157_Thickness^2 + 0.986*var_id157_Thickness + 122.68 ',NULL,NULL,NULL,NULL,0,0,0,1);
INSERT INTO "history" VALUES(157,122,'2012-06-22, 11:19:59','edit','Exposure Time','Exposure Time','sec','sec',' -5*10^(-5)*var_id157_Thickness^2 + 0.986*var_id157_Thickness + 122.68 ','( -5*10^(-5)*var_id157_Thickness^2 + 0.986*var_id157_Thickness + 122.68) / var_id159_Light_intensity',NULL,NULL,NULL,NULL,0,0,0,1);
INSERT INTO "history" VALUES(158,122,'2012-06-22, 11:22:21','add',NULL,'Post Exposure Bake 65 C Time',NULL,'min',NULL,'-0.0001* var_id157_Thickness^2 + 0.0544* var_id157_Thickness-0.8968 ',NULL,NULL,NULL,NULL,0,0,0,1);
INSERT INTO "history" VALUES(159,122,'2012-06-22, 11:23:54','add',NULL,'Post Exposure Bake 95 C time',NULL,'min',NULL,'-3*10^(-5)*var_id157_Thickness^2 + 0.0592*var_id157_Thickness + 3.3996  ',NULL,NULL,NULL,NULL,0,0,0,1);
INSERT INTO "history" VALUES(160,122,'2012-06-22, 11:26:05','add',NULL,'Developer Time',NULL,'min',NULL,'-5*10^(-6)* var_id157_Thickness^3 + 0.0016* var_id157_Thickness^2 - 0.0669* var_id157_Thickness + 5.0683 ',NULL,NULL,NULL,NULL,0,0,0,1);
INSERT INTO "history" VALUES(161,122,'2012-06-22, 11:29:05','add',NULL,'Note:',NULL,'',NULL,'Information for this process is from the Microchem SU-8 2000 series datasheet: http://www.microchem.com/pdf/SU-82000DataSheet2025thru2075Ver4.pdf',NULL,'',NULL,'',0,1,0,0);
INSERT INTO "history" VALUES(162,16,'2012-06-25, 10:42:41','edit','Ar Pressure','Ar Pressure','mTorr','mTorr','10','10','','','','',0,1,0,0);
INSERT INTO "history" VALUES(163,8,'2012-06-26, 09:36:29','edit','Pump Down Time','Pump Down Time','hour(s)','hour(s)','.6','.601','','','','',0,1,0,0);
INSERT INTO "history" VALUES(164,8,'2012-06-26, 09:36:41','edit','Pump Down Time','Pump Down Time','hour(s)','hour(s)','.601','.600','','','','',0,1,0,0);
INSERT INTO "history" VALUES(165,8,'2012-06-26, 09:36:53','edit','Pump Down Time','Pump Down Time','hour(s)','hour(s)','.600','.6','','','','',0,1,0,0);
INSERT INTO "history" VALUES(166,78,'2012-06-28, 10:31:33','add',NULL,'test',NULL,'',NULL,'bla',NULL,'',NULL,'',0,1,0,0);
INSERT INTO "history" VALUES(167,78,'2012-06-28, 10:31:44','delete','test',NULL,'',NULL,'bla',NULL,'',NULL,'',NULL,0,1,0,0);
INSERT INTO "history" VALUES(168,3,'2012-06-28, 03:13:11','edit','Estimated Refractive Index','Estimated Refractive Index','','',' var_id17_Cauchy_Optical_Property_A+ var_id115_Wavelength/( var_id18_Cauchy_Optical_Property_B^2)+ var_id115_Wavelength/( var_id19_Cauchy_Optical_Property_C^4)',' var_id146_Cauchy_Optical_Property_A + var_id115_Wavelength/( var_id147_Cauchy_Optical_Property_B^2)+ var_id115_Wavelength/( var_id148_Cauchy_Optical_Property_C^4)',NULL,NULL,NULL,NULL,0,0,0,1);
INSERT INTO "history" VALUES(169,2,'2012-08-14, 04:41:24','edit','Estimated Refractive Index','Estimated Refractive Index','','',' var_id17_Cauchy_Optical_Property_A+ var_id115_Wavelength/( var_id18_Cauchy_Optical_Property_B^2)+ var_id115_Wavelength/( var_id19_Cauchy_Optical_Property_C^4)','var_id146_Cauchy_Optical_Property_A + var_id115_Wavelength/( var_id147_Cauchy_Optical_Property_B ^2)+ var_id115_Wavelength/( var_id148_Cauchy_Optical_Property_C^4)',NULL,NULL,NULL,NULL,0,0,0,1);
CREATE TABLE "_process_notes_old_20120628" (
"id"  INTEGER PRIMARY KEY AUTOINCREMENT NOT NULL
);
CREATE TABLE "_process_notes_old_20120628_1" (
"id"  INTEGER PRIMARY KEY AUTOINCREMENT NOT NULL,
"note"  VARCHAR(1024),
"date_modified"  TEXT(20),
"active"  INTEGER DEFAULT 1
);
CREATE TABLE "_process_notes_old_20120628_2" (
"id"  INTEGER PRIMARY KEY AUTOINCREMENT NOT NULL,
"note"  VARCHAR(1024),
"date_modified"  TEXT(20),
"active"  INTEGER DEFAULT 1,
"author"  VARCHAR(255)
);
CREATE TABLE "_process_notes_old_20120628_3" (
"id"  INTEGER PRIMARY KEY AUTOINCREMENT NOT NULL,
"process_id"  INTEGER NOT NULL,
"note"  VARCHAR(1024),
"date_modified"  TEXT(20),
"active"  INTEGER DEFAULT 1,
"author"  VARCHAR(255)
);
CREATE TABLE "process_notes" (
"id"  INTEGER PRIMARY KEY AUTOINCREMENT NOT NULL,
"process_id"  INTEGER NOT NULL,
"note"  VARCHAR(1024),
"date_modified"  TEXT(20),
"active"  INTEGER DEFAULT 1,
"author"  VARCHAR(255),
CONSTRAINT "process_link" FOREIGN KEY ("process_id") REFERENCES "processes" ("id")
);
INSERT INTO "process_notes" VALUES(1,78,'Test Note','2012-06-28 11:53:11',0,'anonymous');
INSERT INTO "process_notes" VALUES(2,78,'foo bla bla bla','2012-06-28 11:57:56',0,'anonymous');
INSERT INTO "process_notes" VALUES(3,78,'new note','2012-06-28 11:57:52',0,'anonymous');
INSERT INTO "process_notes" VALUES(4,78,'Test note','2012-06-28 11:58:13',1,'anonymous');
CREATE TABLE "runcard_inputs" (
"id"  INTEGER PRIMARY KEY AUTOINCREMENT NOT NULL,
"runcard_id"  INTEGER NOT NULL,
"ordering"  INTEGER,
"process_id"  INTEGER NOT NULL,
"input_id"  INTEGER NOT NULL,
"input_value"  TEXT(2048)
);
INSERT INTO "runcard_inputs" VALUES(81,88,0,8,114,'13');
INSERT INTO "runcard_inputs" VALUES(82,88,0,8,144,'15');
INSERT INTO "runcard_inputs" VALUES(85,89,0,3,114,'12');
INSERT INTO "runcard_inputs" VALUES(86,89,0,3,115,'13');
INSERT INTO "runcard_inputs" VALUES(87,89,1,3,114,'12');
INSERT INTO "runcard_inputs" VALUES(88,89,1,3,115,'13');
CREATE TABLE "runcard" (
"id"  INTEGER PRIMARY KEY AUTOINCREMENT NOT NULL,
"username"  TEXT(255) NOT NULL,
"name"  TEXT(255),
"public"  INTEGER NOT NULL
);
INSERT INTO "runcard" VALUES(89,'','',0);
DELETE FROM sqlite_sequence;
INSERT INTO "sqlite_sequence" VALUES('processes',243);
INSERT INTO "sqlite_sequence" VALUES('parameter',260);
INSERT INTO "sqlite_sequence" VALUES('equation',97);
INSERT INTO "sqlite_sequence" VALUES('history',169);
INSERT INTO "sqlite_sequence" VALUES('_process_notes_old_20120628_1',0);
INSERT INTO "sqlite_sequence" VALUES('_process_notes_old_20120628_2',0);
INSERT INTO "sqlite_sequence" VALUES('_process_notes_old_20120628_3',0);
INSERT INTO "sqlite_sequence" VALUES('process_notes',4);
INSERT INTO "sqlite_sequence" VALUES('runcard',90);
INSERT INTO "sqlite_sequence" VALUES('runcard_inputs',90);
COMMIT;
